step,stage,loss_jepa,loss_masked,loss_context,loss_infonce,loss_tcc,uw_w_jepa,uw_w_infonce,uw_w_tcc,lr,grad_norm
0,peft_single,0.455045,0.336380,0.237331,0.000000,0.000000,0.000000,0.000000,0.000000,2.33e-06,1.7513
1,peft_single,0.443657,0.327671,0.231972,0.000000,0.000000,0.000000,0.000000,0.000000,3.49e-06,1.5176
2,peft_single,0.445683,0.327495,0.236377,0.000000,0.000000,0.000000,0.000000,0.000000,4.65e-06,1.5289
3,peft_single,0.439881,0.323654,0.232454,0.000000,0.000000,0.000000,0.000000,0.000000,5.81e-06,1.4711
4,peft_single,0.449881,0.331797,0.236167,0.000000,0.000000,0.000000,0.000000,0.000000,6.98e-06,1.4526
5,peft_single,0.450722,0.333021,0.235402,0.000000,0.000000,0.000000,0.000000,0.000000,8.14e-06,1.5969
6,peft_single,0.451682,0.333899,0.235566,0.000000,0.000000,0.000000,0.000000,0.000000,9.30e-06,1.2257
7,peft_single,0.443212,0.326342,0.233740,0.000000,0.000000,0.000000,0.000000,0.000000,1.05e-05,1.3025
8,peft_single,0.448268,0.330996,0.234544,0.000000,0.000000,0.000000,0.000000,0.000000,1.16e-05,1.4183
9,peft_single,0.442603,0.328140,0.228928,0.000000,0.000000,0.000000,0.000000,0.000000,1.28e-05,1.0279
10,peft_single,0.441497,0.326246,0.230503,0.000000,0.000000,0.000000,0.000000,0.000000,1.40e-05,0.9736
11,peft_single,0.447155,0.330842,0.232625,0.000000,0.000000,0.000000,0.000000,0.000000,1.51e-05,1.1712
12,peft_single,0.436699,0.322589,0.228220,0.000000,0.000000,0.000000,0.000000,0.000000,1.63e-05,1.0005
13,peft_single,0.449786,0.332708,0.234155,0.000000,0.000000,0.000000,0.000000,0.000000,1.74e-05,0.7533
14,peft_single,0.445515,0.329468,0.232093,0.000000,0.000000,0.000000,0.000000,0.000000,1.86e-05,1.0272
15,peft_single,0.442625,0.328515,0.228219,0.000000,0.000000,0.000000,0.000000,0.000000,1.98e-05,0.8410
16,peft_single,0.443533,0.329857,0.227352,0.000000,0.000000,0.000000,0.000000,0.000000,2.09e-05,0.7965
17,peft_single,0.442889,0.327384,0.231010,0.000000,0.000000,0.000000,0.000000,0.000000,2.21e-05,0.8151
18,peft_single,0.441980,0.328087,0.227787,0.000000,0.000000,0.000000,0.000000,0.000000,2.33e-05,0.8856
19,peft_single,0.443990,0.329418,0.229144,0.000000,0.000000,0.000000,0.000000,0.000000,2.44e-05,1.0694
20,peft_single,0.440214,0.326627,0.227175,0.000000,0.000000,0.000000,0.000000,0.000000,2.56e-05,0.9408
21,peft_single,0.444512,0.330864,0.227296,0.000000,0.000000,0.000000,0.000000,0.000000,2.67e-05,0.7882
22,peft_single,0.432571,0.320420,0.224302,0.000000,0.000000,0.000000,0.000000,0.000000,2.79e-05,0.8174
23,peft_single,0.433215,0.321471,0.223488,0.000000,0.000000,0.000000,0.000000,0.000000,2.91e-05,0.8296
24,peft_single,0.439479,0.326382,0.226193,0.000000,0.000000,0.000000,0.000000,0.000000,3.02e-05,0.8129
25,peft_single,0.435828,0.323908,0.223841,0.000000,0.000000,0.000000,0.000000,0.000000,3.14e-05,1.0903
26,peft_single,0.438349,0.325810,0.225078,0.000000,0.000000,0.000000,0.000000,0.000000,3.26e-05,1.1856
27,peft_single,0.440534,0.327093,0.226880,0.000000,0.000000,0.000000,0.000000,0.000000,3.37e-05,0.6959
28,peft_single,0.443675,0.329483,0.228384,0.000000,0.000000,0.000000,0.000000,0.000000,3.49e-05,0.7668
29,peft_single,0.440374,0.326865,0.227017,0.000000,0.000000,0.000000,0.000000,0.000000,3.60e-05,0.7861
30,peft_single,0.428008,0.317064,0.221887,0.000000,0.000000,0.000000,0.000000,0.000000,3.72e-05,0.7625
31,peft_single,0.433987,0.322144,0.223686,0.000000,0.000000,0.000000,0.000000,0.000000,3.84e-05,0.6203
32,peft_single,0.432746,0.321363,0.222766,0.000000,0.000000,0.000000,0.000000,0.000000,3.95e-05,0.5220
33,peft_single,0.434100,0.323705,0.220789,0.000000,0.000000,0.000000,0.000000,0.000000,4.07e-05,0.7226
34,peft_single,0.438473,0.326355,0.224237,0.000000,0.000000,0.000000,0.000000,0.000000,4.19e-05,0.8629
35,peft_single,0.434659,0.322951,0.223417,0.000000,0.000000,0.000000,0.000000,0.000000,4.30e-05,0.7842
36,peft_single,0.435175,0.323380,0.223589,0.000000,0.000000,0.000000,0.000000,0.000000,4.42e-05,0.4922
37,peft_single,0.437838,0.325336,0.225004,0.000000,0.000000,0.000000,0.000000,0.000000,4.53e-05,0.6700
38,peft_single,0.426698,0.317383,0.218630,0.000000,0.000000,0.000000,0.000000,0.000000,4.65e-05,0.5398
39,peft_single,0.426115,0.317385,0.217459,0.000000,0.000000,0.000000,0.000000,0.000000,4.77e-05,0.6745
40,peft_single,0.428804,0.320103,0.217401,0.000000,0.000000,0.000000,0.000000,0.000000,4.88e-05,0.6240
41,peft_single,0.427035,0.318004,0.218060,0.000000,0.000000,0.000000,0.000000,0.000000,5.00e-05,0.7263
42,peft_single,0.426059,0.316488,0.219142,0.000000,0.000000,0.000000,0.000000,0.000000,5.00e-05,0.7274
43,peft_single,0.431288,0.321148,0.220280,0.000000,0.000000,0.000000,0.000000,0.000000,5.00e-05,0.7661
44,peft_single,0.431663,0.320888,0.221548,0.000000,0.000000,0.000000,0.000000,0.000000,5.00e-05,0.5708
45,peft_single,0.434680,0.321978,0.225405,0.000000,0.000000,0.000000,0.000000,0.000000,5.00e-05,0.7469
46,peft_single,0.424985,0.316799,0.216371,0.000000,0.000000,0.000000,0.000000,0.000000,5.00e-05,0.7471
47,peft_single,0.429169,0.318694,0.220950,0.000000,0.000000,0.000000,0.000000,0.000000,5.00e-05,0.6712
48,peft_single,0.421896,0.314443,0.214908,0.000000,0.000000,0.000000,0.000000,0.000000,5.00e-05,0.8084
49,peft_single,0.426214,0.316909,0.218610,0.000000,0.000000,0.000000,0.000000,0.000000,5.00e-05,0.7257
50,peft_single,0.422404,0.315188,0.214433,0.000000,0.000000,0.000000,0.000000,0.000000,5.00e-05,0.6471
51,peft_single,0.422941,0.314697,0.216488,0.000000,0.000000,0.000000,0.000000,0.000000,5.00e-05,0.5790
52,peft_single,0.432235,0.321914,0.220642,0.000000,0.000000,0.000000,0.000000,0.000000,5.00e-05,0.6705
53,peft_single,0.420390,0.311549,0.217683,0.000000,0.000000,0.000000,0.000000,0.000000,5.00e-05,0.5941
54,peft_single,0.421523,0.312948,0.217150,0.000000,0.000000,0.000000,0.000000,0.000000,5.00e-05,0.4640
55,peft_single,0.428177,0.319679,0.216994,0.000000,0.000000,0.000000,0.000000,0.000000,5.00e-05,0.7228
56,peft_single,0.421677,0.315341,0.212672,0.000000,0.000000,0.000000,0.000000,0.000000,5.00e-05,0.7388
57,peft_single,0.430913,0.321736,0.218356,0.000000,0.000000,0.000000,0.000000,0.000000,5.00e-05,0.5735
58,peft_single,0.417811,0.311288,0.213047,0.000000,0.000000,0.000000,0.000000,0.000000,5.00e-05,0.6982
59,peft_single,0.418111,0.311706,0.212809,0.000000,0.000000,0.000000,0.000000,0.000000,5.00e-05,0.7067
60,peft_single,0.428598,0.320791,0.215614,0.000000,0.000000,0.000000,0.000000,0.000000,5.00e-05,0.8190
61,peft_single,0.413372,0.308346,0.210052,0.000000,0.000000,0.000000,0.000000,0.000000,5.00e-05,0.6069
62,peft_single,0.418521,0.313254,0.210533,0.000000,0.000000,0.000000,0.000000,0.000000,5.00e-05,0.7178
63,peft_single,0.421877,0.314395,0.214964,0.000000,0.000000,0.000000,0.000000,0.000000,5.00e-05,0.6186
64,peft_single,0.415729,0.310362,0.210733,0.000000,0.000000,0.000000,0.000000,0.000000,5.00e-05,0.5060
65,peft_single,0.428110,0.319069,0.218082,0.000000,0.000000,0.000000,0.000000,0.000000,5.00e-05,0.6546
66,peft_single,0.426614,0.318828,0.215572,0.000000,0.000000,0.000000,0.000000,0.000000,5.00e-05,0.6894
67,peft_single,0.427788,0.319387,0.216802,0.000000,0.000000,0.000000,0.000000,0.000000,5.00e-05,0.5394
68,peft_single,0.423536,0.315390,0.216292,0.000000,0.000000,0.000000,0.000000,0.000000,5.00e-05,0.4316
69,peft_single,0.419274,0.313614,0.211321,0.000000,0.000000,0.000000,0.000000,0.000000,5.00e-05,0.4784
70,peft_single,0.414304,0.310336,0.207937,0.000000,0.000000,0.000000,0.000000,0.000000,5.00e-05,0.6815
71,peft_single,0.428904,0.319663,0.218482,0.000000,0.000000,0.000000,0.000000,0.000000,5.00e-05,0.5461
72,peft_single,0.416669,0.309820,0.213698,0.000000,0.000000,0.000000,0.000000,0.000000,5.00e-05,0.5491
73,peft_single,0.423904,0.317212,0.213385,0.000000,0.000000,0.000000,0.000000,0.000000,5.00e-05,0.6070
74,peft_single,0.421987,0.313821,0.216331,0.000000,0.000000,0.000000,0.000000,0.000000,5.00e-05,0.5530
75,peft_single,0.426488,0.318841,0.215292,0.000000,0.000000,0.000000,0.000000,0.000000,5.00e-05,0.5144
76,peft_single,0.423701,0.317563,0.212277,0.000000,0.000000,0.000000,0.000000,0.000000,5.00e-05,0.5058
77,peft_single,0.420155,0.314472,0.211366,0.000000,0.000000,0.000000,0.000000,0.000000,5.00e-05,0.5814
78,peft_single,0.416433,0.309679,0.213507,0.000000,0.000000,0.000000,0.000000,0.000000,5.00e-05,0.6069
79,peft_single,0.425186,0.317179,0.216015,0.000000,0.000000,0.000000,0.000000,0.000000,5.00e-05,0.4579
80,peft_single,0.430649,0.322236,0.216826,0.000000,0.000000,0.000000,0.000000,0.000000,5.00e-05,0.4530
81,peft_single,0.412499,0.308311,0.208376,0.000000,0.000000,0.000000,0.000000,0.000000,5.00e-05,0.4329
82,peft_single,0.418212,0.313068,0.210288,0.000000,0.000000,0.000000,0.000000,0.000000,5.00e-05,0.4341
83,peft_single,0.422511,0.315378,0.214265,0.000000,0.000000,0.000000,0.000000,0.000000,5.00e-05,0.4856
84,peft_single,0.433877,0.325892,0.215969,0.000000,0.000000,0.000000,0.000000,0.000000,5.00e-05,0.5282
85,peft_single,0.414835,0.310612,0.208447,0.000000,0.000000,0.000000,0.000000,0.000000,5.00e-05,0.4568
86,peft_single,0.413329,0.308652,0.209355,0.000000,0.000000,0.000000,0.000000,0.000000,5.00e-05,0.4934
87,peft_single,0.415637,0.309647,0.211981,0.000000,0.000000,0.000000,0.000000,0.000000,5.00e-05,0.7996
88,peft_single,0.426496,0.320824,0.211343,0.000000,0.000000,0.000000,0.000000,0.000000,5.00e-05,0.6363
89,peft_single,0.418134,0.314273,0.207722,0.000000,0.000000,0.000000,0.000000,0.000000,5.00e-05,0.4402
90,peft_single,0.411462,0.307158,0.208607,0.000000,0.000000,0.000000,0.000000,0.000000,5.00e-05,0.5846
91,peft_single,0.423039,0.317497,0.211084,0.000000,0.000000,0.000000,0.000000,0.000000,5.00e-05,0.4338
92,peft_single,0.421489,0.316505,0.209969,0.000000,0.000000,0.000000,0.000000,0.000000,5.00e-05,0.4684
93,peft_single,0.409624,0.306193,0.206862,0.000000,0.000000,0.000000,0.000000,0.000000,5.00e-05,0.3942
94,peft_single,0.426714,0.319076,0.215276,0.000000,0.000000,0.000000,0.000000,0.000000,5.00e-05,0.5437
95,peft_single,0.422279,0.317104,0.210349,0.000000,0.000000,0.000000,0.000000,0.000000,5.00e-05,0.5906
96,peft_single,0.423139,0.317081,0.212116,0.000000,0.000000,0.000000,0.000000,0.000000,5.00e-05,0.3707
97,peft_single,0.417821,0.312632,0.210377,0.000000,0.000000,0.000000,0.000000,0.000000,5.00e-05,0.5561
98,peft_single,0.411703,0.307735,0.207937,0.000000,0.000000,0.000000,0.000000,0.000000,5.00e-05,0.5844
99,peft_single,0.427554,0.321390,0.212327,0.000000,0.000000,0.000000,0.000000,0.000000,5.00e-05,0.5148
100,peft_single,0.408262,0.305505,0.205513,0.000000,0.000000,0.000000,0.000000,0.000000,5.00e-05,0.5465
101,peft_single,0.416383,0.312935,0.206897,0.000000,0.000000,0.000000,0.000000,0.000000,5.00e-05,0.4975
102,peft_single,0.429473,0.320938,0.217070,0.000000,0.000000,0.000000,0.000000,0.000000,5.00e-05,0.5485
103,peft_single,0.417422,0.313228,0.208387,0.000000,0.000000,0.000000,0.000000,0.000000,5.00e-05,0.4551
104,peft_single,0.424461,0.318685,0.211554,0.000000,0.000000,0.000000,0.000000,0.000000,5.00e-05,0.4130
105,peft_single,0.411758,0.307240,0.209038,0.000000,0.000000,0.000000,0.000000,0.000000,5.00e-05,0.5897
106,peft_single,0.414695,0.311499,0.206392,0.000000,0.000000,0.000000,0.000000,0.000000,5.00e-05,0.6370
107,peft_single,0.416760,0.312102,0.209316,0.000000,0.000000,0.000000,0.000000,0.000000,5.00e-05,0.4473
108,peft_single,0.419840,0.313728,0.212226,0.000000,0.000000,0.000000,0.000000,0.000000,5.00e-05,0.5823
109,peft_single,0.426634,0.317889,0.217489,0.000000,0.000000,0.000000,0.000000,0.000000,5.00e-05,0.5643
110,peft_single,0.412981,0.308594,0.208773,0.000000,0.000000,0.000000,0.000000,0.000000,5.00e-05,0.6325
111,peft_single,0.419504,0.315239,0.208530,0.000000,0.000000,0.000000,0.000000,0.000000,5.00e-05,0.7790
112,peft_single,0.428334,0.320287,0.216094,0.000000,0.000000,0.000000,0.000000,0.000000,5.00e-05,0.4914
113,peft_single,0.412590,0.307807,0.209567,0.000000,0.000000,0.000000,0.000000,0.000000,5.00e-05,0.4631
114,peft_single,0.413642,0.310570,0.206144,0.000000,0.000000,0.000000,0.000000,0.000000,5.00e-05,0.4240
115,peft_single,0.421647,0.316605,0.210083,0.000000,0.000000,0.000000,0.000000,0.000000,5.00e-05,0.5709
116,peft_single,0.429051,0.323260,0.211583,0.000000,0.000000,0.000000,0.000000,0.000000,5.00e-05,0.4457
117,peft_single,0.421222,0.316204,0.210036,0.000000,0.000000,0.000000,0.000000,0.000000,5.00e-05,0.6147
118,peft_single,0.417840,0.313162,0.209356,0.000000,0.000000,0.000000,0.000000,0.000000,5.00e-05,0.6330
119,peft_single,0.421492,0.315552,0.211880,0.000000,0.000000,0.000000,0.000000,0.000000,5.00e-05,0.5551
120,peft_single,0.410773,0.307394,0.206758,0.000000,0.000000,0.000000,0.000000,0.000000,5.00e-05,0.3829
121,peft_single,0.425495,0.319419,0.212154,0.000000,0.000000,0.000000,0.000000,0.000000,5.00e-05,0.6299
122,peft_single,0.412528,0.309478,0.206100,0.000000,0.000000,0.000000,0.000000,0.000000,5.00e-05,0.4054
123,peft_single,0.421015,0.315911,0.210207,0.000000,0.000000,0.000000,0.000000,0.000000,5.00e-05,0.4716
124,peft_single,0.423631,0.318867,0.209529,0.000000,0.000000,0.000000,0.000000,0.000000,5.00e-05,0.4442
125,peft_single,0.422524,0.317986,0.209076,0.000000,0.000000,0.000000,0.000000,0.000000,5.00e-05,0.4956
126,peft_single,0.410154,0.307770,0.204769,0.000000,0.000000,0.000000,0.000000,0.000000,5.00e-05,0.4366
127,peft_single,0.412884,0.309708,0.206351,0.000000,0.000000,0.000000,0.000000,0.000000,5.00e-05,0.4713
128,peft_single,0.417157,0.313084,0.208148,0.000000,0.000000,0.000000,0.000000,0.000000,5.00e-05,0.4168
129,peft_single,0.422148,0.316040,0.212217,0.000000,0.000000,0.000000,0.000000,0.000000,5.00e-05,0.5302
130,peft_single,0.415822,0.311623,0.208399,0.000000,0.000000,0.000000,0.000000,0.000000,5.00e-05,0.4774
131,peft_single,0.423659,0.317640,0.212036,0.000000,0.000000,0.000000,0.000000,0.000000,5.00e-05,0.6076
132,peft_single,0.408897,0.306487,0.204821,0.000000,0.000000,0.000000,0.000000,0.000000,5.00e-05,0.4628
133,peft_single,0.405941,0.304372,0.203139,0.000000,0.000000,0.000000,0.000000,0.000000,5.00e-05,0.5871
134,peft_single,0.422420,0.317657,0.209524,0.000000,0.000000,0.000000,0.000000,0.000000,5.00e-05,0.5701
135,peft_single,0.423209,0.318009,0.210400,0.000000,0.000000,0.000000,0.000000,0.000000,5.00e-05,0.4841
136,peft_single,0.422264,0.316641,0.211246,0.000000,0.000000,0.000000,0.000000,0.000000,5.00e-05,0.5062
137,peft_single,0.414771,0.310633,0.208274,0.000000,0.000000,0.000000,0.000000,0.000000,5.00e-05,0.6438
138,peft_single,0.423213,0.317328,0.211770,0.000000,0.000000,0.000000,0.000000,0.000000,5.00e-05,0.4120
139,peft_single,0.420248,0.315336,0.209824,0.000000,0.000000,0.000000,0.000000,0.000000,5.00e-05,0.5035
140,peft_single,0.410661,0.308353,0.204614,0.000000,0.000000,0.000000,0.000000,0.000000,5.00e-05,0.5009
141,peft_single,0.426607,0.319786,0.213641,0.000000,0.000000,0.000000,0.000000,0.000000,5.00e-05,0.7093
142,peft_single,0.422797,0.316513,0.212569,0.000000,0.000000,0.000000,0.000000,0.000000,5.00e-05,0.6028
143,peft_single,0.410755,0.308613,0.204283,0.000000,0.000000,0.000000,0.000000,0.000000,5.00e-05,0.4434
144,peft_single,0.412221,0.308328,0.207786,0.000000,0.000000,0.000000,0.000000,0.000000,5.00e-05,0.4894
145,peft_single,0.413622,0.310847,0.205551,0.000000,0.000000,0.000000,0.000000,0.000000,5.00e-05,0.5654
146,peft_single,0.410295,0.308453,0.203683,0.000000,0.000000,0.000000,0.000000,0.000000,5.00e-05,0.4714
147,peft_single,0.425242,0.318238,0.214008,0.000000,0.000000,0.000000,0.000000,0.000000,5.00e-05,0.4397
148,peft_single,0.411218,0.308549,0.205338,0.000000,0.000000,0.000000,0.000000,0.000000,5.00e-05,0.4557
149,peft_single,0.406523,0.303535,0.205977,0.000000,0.000000,0.000000,0.000000,0.000000,5.00e-05,0.3669
150,peft_single,0.406488,0.304380,0.204216,0.000000,0.000000,0.000000,0.000000,0.000000,5.00e-05,0.4136
151,peft_single,0.412216,0.308651,0.207130,0.000000,0.000000,0.000000,0.000000,0.000000,5.00e-05,0.4775
152,peft_single,0.409492,0.306568,0.205847,0.000000,0.000000,0.000000,0.000000,0.000000,5.00e-05,0.4756
153,peft_single,0.423463,0.317492,0.211941,0.000000,0.000000,0.000000,0.000000,0.000000,5.00e-05,0.4269
154,peft_single,0.420950,0.315284,0.211333,0.000000,0.000000,0.000000,0.000000,0.000000,5.00e-05,0.4946
155,peft_single,0.412661,0.310314,0.204695,0.000000,0.000000,0.000000,0.000000,0.000000,5.00e-05,0.5176
156,peft_single,0.413648,0.310831,0.205633,0.000000,0.000000,0.000000,0.000000,0.000000,5.00e-05,0.5245
157,peft_single,0.407041,0.306537,0.201008,0.000000,0.000000,0.000000,0.000000,0.000000,5.00e-05,0.6617
158,peft_single,0.408748,0.306764,0.203966,0.000000,0.000000,0.000000,0.000000,0.000000,5.00e-05,0.5476
159,peft_single,0.428256,0.320356,0.215801,0.000000,0.000000,0.000000,0.000000,0.000000,5.00e-05,0.4868
160,peft_single,0.414532,0.311329,0.206406,0.000000,0.000000,0.000000,0.000000,0.000000,5.00e-05,0.4170
161,peft_single,0.410263,0.309201,0.202122,0.000000,0.000000,0.000000,0.000000,0.000000,5.00e-05,0.4478
162,peft_single,0.408939,0.306657,0.204564,0.000000,0.000000,0.000000,0.000000,0.000000,5.00e-05,0.4279
163,peft_single,0.406827,0.304842,0.203970,0.000000,0.000000,0.000000,0.000000,0.000000,5.00e-05,0.4303
164,peft_single,0.406301,0.303848,0.204905,0.000000,0.000000,0.000000,0.000000,0.000000,5.00e-05,0.5267
165,peft_single,0.417621,0.313718,0.207807,0.000000,0.000000,0.000000,0.000000,0.000000,5.00e-05,0.6620
166,peft_single,0.417968,0.313660,0.208615,0.000000,0.000000,0.000000,0.000000,0.000000,5.00e-05,0.4813
167,peft_single,0.417834,0.313585,0.208497,0.000000,0.000000,0.000000,0.000000,0.000000,5.00e-05,0.5548
168,peft_single,0.413410,0.309609,0.207601,0.000000,0.000000,0.000000,0.000000,0.000000,5.00e-05,0.5006
169,peft_single,0.413142,0.309358,0.207568,0.000000,0.000000,0.000000,0.000000,0.000000,5.00e-05,0.5296
170,peft_single,0.421255,0.314872,0.212767,0.000000,0.000000,0.000000,0.000000,0.000000,5.00e-05,0.4703
171,peft_single,0.413705,0.310474,0.206462,0.000000,0.000000,0.000000,0.000000,0.000000,5.00e-05,0.4694
172,peft_single,0.416606,0.312525,0.208163,0.000000,0.000000,0.000000,0.000000,0.000000,5.00e-05,0.4141
173,peft_single,0.416910,0.313573,0.206675,0.000000,0.000000,0.000000,0.000000,0.000000,5.00e-05,0.4109
174,peft_single,0.415654,0.312932,0.205444,0.000000,0.000000,0.000000,0.000000,0.000000,5.00e-05,0.3659
175,peft_single,0.420892,0.316055,0.209675,0.000000,0.000000,0.000000,0.000000,0.000000,5.00e-05,0.3587
176,peft_single,0.418695,0.316025,0.205340,0.000000,0.000000,0.000000,0.000000,0.000000,5.00e-05,0.6914
177,peft_single,0.424063,0.318453,0.211219,0.000000,0.000000,0.000000,0.000000,0.000000,5.00e-05,0.3525
178,peft_single,0.419891,0.315507,0.208767,0.000000,0.000000,0.000000,0.000000,0.000000,5.00e-05,0.4147
179,peft_single,0.409076,0.307430,0.203293,0.000000,0.000000,0.000000,0.000000,0.000000,5.00e-05,0.3936
180,peft_single,0.408967,0.306963,0.204006,0.000000,0.000000,0.000000,0.000000,0.000000,5.00e-05,0.4405
181,peft_single,0.423011,0.318038,0.209947,0.000000,0.000000,0.000000,0.000000,0.000000,5.00e-05,0.4953
182,peft_single,0.407076,0.304611,0.204929,0.000000,0.000000,0.000000,0.000000,0.000000,5.00e-05,0.4634
183,peft_single,0.407992,0.306201,0.203582,0.000000,0.000000,0.000000,0.000000,0.000000,5.00e-05,0.4104
184,peft_single,0.409657,0.307651,0.204014,0.000000,0.000000,0.000000,0.000000,0.000000,5.00e-05,0.5070
185,peft_single,0.421894,0.317122,0.209543,0.000000,0.000000,0.000000,0.000000,0.000000,5.00e-05,0.5000
186,peft_single,0.417268,0.313025,0.208487,0.000000,0.000000,0.000000,0.000000,0.000000,5.00e-05,0.4429
187,peft_single,0.414125,0.310826,0.206598,0.000000,0.000000,0.000000,0.000000,0.000000,5.00e-05,0.4414
188,peft_single,0.423750,0.317551,0.212398,0.000000,0.000000,0.000000,0.000000,0.000000,5.00e-05,0.4733
189,peft_single,0.409113,0.305419,0.207388,0.000000,0.000000,0.000000,0.000000,0.000000,5.00e-05,0.5172
190,peft_single,0.413347,0.309620,0.207455,0.000000,0.000000,0.000000,0.000000,0.000000,5.00e-05,0.5275
191,peft_single,0.408786,0.305815,0.205943,0.000000,0.000000,0.000000,0.000000,0.000000,5.00e-05,0.4098
192,peft_single,0.414112,0.311074,0.206076,0.000000,0.000000,0.000000,0.000000,0.000000,5.00e-05,0.4020
193,peft_single,0.407906,0.305337,0.205137,0.000000,0.000000,0.000000,0.000000,0.000000,5.00e-05,0.5962
194,peft_single,0.421103,0.316555,0.209095,0.000000,0.000000,0.000000,0.000000,0.000000,5.00e-05,0.4265
195,peft_single,0.424459,0.318627,0.211665,0.000000,0.000000,0.000000,0.000000,0.000000,5.00e-05,0.5337
196,peft_single,0.411627,0.309854,0.203547,0.000000,0.000000,0.000000,0.000000,0.000000,5.00e-05,0.3343
197,peft_single,0.415130,0.312427,0.205406,0.000000,0.000000,0.000000,0.000000,0.000000,5.00e-05,0.4062
198,peft_single,0.412393,0.309121,0.206544,0.000000,0.000000,0.000000,0.000000,0.000000,5.00e-05,0.4074
199,peft_single,0.411840,0.309939,0.203802,0.000000,0.000000,0.000000,0.000000,0.000000,5.00e-05,0.4121
200,peft_single,0.415958,0.312973,0.205970,0.000000,0.000000,0.000000,0.000000,0.000000,5.00e-05,0.4753
201,peft_single,0.414577,0.311705,0.205743,0.000000,0.000000,0.000000,0.000000,0.000000,5.00e-05,0.4444
202,peft_single,0.413315,0.309048,0.208534,0.000000,0.000000,0.000000,0.000000,0.000000,5.00e-05,0.6049
203,peft_single,0.409926,0.307207,0.205437,0.000000,0.000000,0.000000,0.000000,0.000000,5.00e-05,0.6385
204,peft_single,0.413509,0.309752,0.207514,0.000000,0.000000,0.000000,0.000000,0.000000,5.00e-05,0.5190
205,peft_single,0.421660,0.316255,0.210810,0.000000,0.000000,0.000000,0.000000,0.000000,5.00e-05,0.5012
206,peft_single,0.422764,0.317021,0.211486,0.000000,0.000000,0.000000,0.000000,0.000000,5.00e-05,0.3622
207,peft_single,0.413849,0.310395,0.206908,0.000000,0.000000,0.000000,0.000000,0.000000,5.00e-05,0.5906
208,peft_single,0.409627,0.306249,0.206756,0.000000,0.000000,0.000000,0.000000,0.000000,5.00e-05,0.3945
209,peft_single,0.428682,0.320597,0.216169,0.000000,0.000000,0.000000,0.000000,0.000000,5.00e-05,0.3841
210,peft_single,0.411201,0.308949,0.204504,0.000000,0.000000,0.000000,0.000000,0.000000,5.00e-05,0.4374
211,peft_single,0.414274,0.310127,0.208294,0.000000,0.000000,0.000000,0.000000,0.000000,5.00e-05,0.4070
212,peft_single,0.412956,0.309157,0.207597,0.000000,0.000000,0.000000,0.000000,0.000000,5.00e-05,0.3728
213,peft_single,0.412451,0.309581,0.205740,0.000000,0.000000,0.000000,0.000000,0.000000,5.00e-05,0.5209
214,peft_single,0.425579,0.319537,0.212082,0.000000,0.000000,0.000000,0.000000,0.000000,5.00e-05,0.4392
215,peft_single,0.412989,0.311072,0.203834,0.000000,0.000000,0.000000,0.000000,0.000000,5.00e-05,0.4602
216,peft_single,0.417530,0.313270,0.208521,0.000000,0.000000,0.000000,0.000000,0.000000,5.00e-05,0.5241
217,peft_single,0.416191,0.312953,0.206475,0.000000,0.000000,0.000000,0.000000,0.000000,5.00e-05,0.4778
218,peft_single,0.415617,0.313063,0.205108,0.000000,0.000000,0.000000,0.000000,0.000000,5.00e-05,0.4212
219,peft_single,0.410741,0.308844,0.203794,0.000000,0.000000,0.000000,0.000000,0.000000,5.00e-05,0.6377
220,peft_single,0.410146,0.308994,0.202305,0.000000,0.000000,0.000000,0.000000,0.000000,5.00e-05,0.5209
221,peft_single,0.414692,0.309577,0.210231,0.000000,0.000000,0.000000,0.000000,0.000000,5.00e-05,0.4658
222,peft_single,0.421256,0.315194,0.212124,0.000000,0.000000,0.000000,0.000000,0.000000,5.00e-05,0.4669
223,peft_single,0.404903,0.303474,0.202857,0.000000,0.000000,0.000000,0.000000,0.000000,5.00e-05,0.5054
224,peft_single,0.413623,0.310929,0.205388,0.000000,0.000000,0.000000,0.000000,0.000000,5.00e-05,0.4054
225,peft_single,0.416015,0.314437,0.203156,0.000000,0.000000,0.000000,0.000000,0.000000,5.00e-05,0.4841
226,peft_single,0.421299,0.317224,0.208150,0.000000,0.000000,0.000000,0.000000,0.000000,5.00e-05,0.4862
227,peft_single,0.416354,0.314074,0.204560,0.000000,0.000000,0.000000,0.000000,0.000000,5.00e-05,0.4392
228,peft_single,0.410532,0.308101,0.204861,0.000000,0.000000,0.000000,0.000000,0.000000,5.00e-05,0.5028
229,peft_single,0.415185,0.312110,0.206150,0.000000,0.000000,0.000000,0.000000,0.000000,5.00e-05,0.3489
230,peft_single,0.409901,0.308329,0.203144,0.000000,0.000000,0.000000,0.000000,0.000000,5.00e-05,0.4574
231,peft_single,0.417277,0.313194,0.208165,0.000000,0.000000,0.000000,0.000000,0.000000,5.00e-05,0.4945
232,peft_single,0.413981,0.310237,0.207488,0.000000,0.000000,0.000000,0.000000,0.000000,5.00e-05,0.5036
233,peft_single,0.414573,0.311334,0.206480,0.000000,0.000000,0.000000,0.000000,0.000000,5.00e-05,0.4363
234,peft_single,0.414352,0.310690,0.207322,0.000000,0.000000,0.000000,0.000000,0.000000,5.00e-05,0.4847
235,peft_single,0.415264,0.312845,0.204838,0.000000,0.000000,0.000000,0.000000,0.000000,5.00e-05,0.5368
236,peft_single,0.421871,0.317001,0.209740,0.000000,0.000000,0.000000,0.000000,0.000000,5.00e-05,0.5028
237,peft_single,0.412585,0.310356,0.204459,0.000000,0.000000,0.000000,0.000000,0.000000,5.00e-05,0.4902
238,peft_single,0.409459,0.306785,0.205347,0.000000,0.000000,0.000000,0.000000,0.000000,5.00e-05,0.6349
239,peft_single,0.419782,0.314854,0.209855,0.000000,0.000000,0.000000,0.000000,0.000000,5.00e-05,0.6403
240,peft_single,0.410377,0.307266,0.206222,0.000000,0.000000,0.000000,0.000000,0.000000,5.00e-05,0.4311
241,peft_single,0.402035,0.302470,0.199130,0.000000,0.000000,0.000000,0.000000,0.000000,5.00e-05,0.4100
242,peft_single,0.406150,0.304438,0.203423,0.000000,0.000000,0.000000,0.000000,0.000000,5.00e-05,0.3871
243,peft_single,0.408723,0.307425,0.202595,0.000000,0.000000,0.000000,0.000000,0.000000,5.00e-05,0.4230
244,peft_single,0.401902,0.300432,0.202939,0.000000,0.000000,0.000000,0.000000,0.000000,5.00e-05,0.4688
245,peft_single,0.410771,0.308875,0.203792,0.000000,0.000000,0.000000,0.000000,0.000000,5.00e-05,0.5630
246,peft_single,0.404186,0.303802,0.200768,0.000000,0.000000,0.000000,0.000000,0.000000,5.00e-05,0.3347
247,peft_single,0.407024,0.305477,0.203094,0.000000,0.000000,0.000000,0.000000,0.000000,5.00e-05,0.3360
248,peft_single,0.419851,0.315242,0.209217,0.000000,0.000000,0.000000,0.000000,0.000000,5.00e-05,0.3923
249,peft_single,0.409122,0.307047,0.204151,0.000000,0.000000,0.000000,0.000000,0.000000,5.00e-05,0.4709
250,peft_single,0.415001,0.313119,0.203764,0.000000,0.000000,0.000000,0.000000,0.000000,5.00e-05,0.3170
251,peft_single,0.419188,0.314066,0.210245,0.000000,0.000000,0.000000,0.000000,0.000000,5.00e-05,0.3232
252,peft_single,0.405105,0.303897,0.202415,0.000000,0.000000,0.000000,0.000000,0.000000,5.00e-05,0.5019
253,peft_single,0.407980,0.305451,0.205059,0.000000,0.000000,0.000000,0.000000,0.000000,5.00e-05,0.4932
254,peft_single,0.417039,0.313509,0.207061,0.000000,0.000000,0.000000,0.000000,0.000000,5.00e-05,0.4478
255,peft_single,0.417950,0.313532,0.208836,0.000000,0.000000,0.000000,0.000000,0.000000,5.00e-05,0.3579
256,peft_single,0.416003,0.312285,0.207437,0.000000,0.000000,0.000000,0.000000,0.000000,5.00e-05,0.3921
257,peft_single,0.415152,0.312734,0.204836,0.000000,0.000000,0.000000,0.000000,0.000000,5.00e-05,0.4050
258,peft_single,0.413980,0.311551,0.204859,0.000000,0.000000,0.000000,0.000000,0.000000,5.00e-05,0.4637
259,peft_single,0.416853,0.313546,0.206615,0.000000,0.000000,0.000000,0.000000,0.000000,5.00e-05,0.5472
260,peft_single,0.402402,0.301540,0.201725,0.000000,0.000000,0.000000,0.000000,0.000000,5.00e-05,0.4268
261,peft_single,0.413831,0.311328,0.205005,0.000000,0.000000,0.000000,0.000000,0.000000,5.00e-05,0.5824
262,peft_single,0.410819,0.309173,0.203292,0.000000,0.000000,0.000000,0.000000,0.000000,5.00e-05,0.5545
263,peft_single,0.418384,0.314713,0.207342,0.000000,0.000000,0.000000,0.000000,0.000000,5.00e-05,0.3784
264,peft_single,0.411947,0.310109,0.203677,0.000000,0.000000,0.000000,0.000000,0.000000,5.00e-05,0.3239
265,peft_single,0.417535,0.313519,0.208032,0.000000,0.000000,0.000000,0.000000,0.000000,5.00e-05,0.4355
266,peft_single,0.408885,0.307137,0.203496,0.000000,0.000000,0.000000,0.000000,0.000000,5.00e-05,0.3393
267,peft_single,0.416804,0.313057,0.207494,0.000000,0.000000,0.000000,0.000000,0.000000,5.00e-05,0.4126
268,peft_single,0.410777,0.308466,0.204622,0.000000,0.000000,0.000000,0.000000,0.000000,5.00e-05,0.3937
269,peft_single,0.406041,0.305423,0.201236,0.000000,0.000000,0.000000,0.000000,0.000000,5.00e-05,0.8020
270,peft_single,0.401697,0.301170,0.201054,0.000000,0.000000,0.000000,0.000000,0.000000,5.00e-05,0.5003
271,peft_single,0.408743,0.307272,0.202943,0.000000,0.000000,0.000000,0.000000,0.000000,5.00e-05,0.4625
272,peft_single,0.412834,0.309543,0.206582,0.000000,0.000000,0.000000,0.000000,0.000000,5.00e-05,0.4915
273,peft_single,0.411511,0.309813,0.203396,0.000000,0.000000,0.000000,0.000000,0.000000,5.00e-05,0.4950
274,peft_single,0.419558,0.316245,0.206627,0.000000,0.000000,0.000000,0.000000,0.000000,5.00e-05,0.4063
275,peft_single,0.429225,0.323143,0.212164,0.000000,0.000000,0.000000,0.000000,0.000000,5.00e-05,0.4086
276,peft_single,0.415913,0.314269,0.203289,0.000000,0.000000,0.000000,0.000000,0.000000,5.00e-05,0.5835
277,peft_single,0.410749,0.308407,0.204684,0.000000,0.000000,0.000000,0.000000,0.000000,5.00e-05,0.3270
278,peft_single,0.419630,0.315044,0.209174,0.000000,0.000000,0.000000,0.000000,0.000000,5.00e-05,0.4322
279,peft_single,0.424684,0.320053,0.209262,0.000000,0.000000,0.000000,0.000000,0.000000,5.00e-05,0.4486
280,peft_single,0.418810,0.314824,0.207970,0.000000,0.000000,0.000000,0.000000,0.000000,5.00e-05,0.4896
281,peft_single,0.405105,0.304107,0.201995,0.000000,0.000000,0.000000,0.000000,0.000000,5.00e-05,0.4766
282,peft_single,0.419027,0.314824,0.208407,0.000000,0.000000,0.000000,0.000000,0.000000,5.00e-05,0.5196
283,peft_single,0.420714,0.316206,0.209016,0.000000,0.000000,0.000000,0.000000,0.000000,5.00e-05,0.4747
284,peft_single,0.409687,0.307975,0.203425,0.000000,0.000000,0.000000,0.000000,0.000000,5.00e-05,0.3760
285,peft_single,0.408299,0.307748,0.201103,0.000000,0.000000,0.000000,0.000000,0.000000,5.00e-05,0.4225
286,peft_single,0.415572,0.313398,0.204347,0.000000,0.000000,0.000000,0.000000,0.000000,5.00e-05,0.4897
287,peft_single,0.411340,0.311067,0.200547,0.000000,0.000000,0.000000,0.000000,0.000000,5.00e-05,0.5404
288,peft_single,0.405245,0.303762,0.202966,0.000000,0.000000,0.000000,0.000000,0.000000,5.00e-05,0.3993
289,peft_single,0.402646,0.301796,0.201699,0.000000,0.000000,0.000000,0.000000,0.000000,5.00e-05,0.4255
290,peft_single,0.414824,0.312044,0.205559,0.000000,0.000000,0.000000,0.000000,0.000000,5.00e-05,0.4210
291,peft_single,0.403929,0.302038,0.203783,0.000000,0.000000,0.000000,0.000000,0.000000,5.00e-05,0.3577
292,peft_single,0.408417,0.306221,0.204392,0.000000,0.000000,0.000000,0.000000,0.000000,5.00e-05,0.3580
293,peft_single,0.417133,0.313693,0.206880,0.000000,0.000000,0.000000,0.000000,0.000000,5.00e-05,0.3889
294,peft_single,0.409764,0.308028,0.203473,0.000000,0.000000,0.000000,0.000000,0.000000,5.00e-05,0.4352
295,peft_single,0.407671,0.305925,0.203491,0.000000,0.000000,0.000000,0.000000,0.000000,5.00e-05,0.4248
296,peft_single,0.406604,0.306932,0.199345,0.000000,0.000000,0.000000,0.000000,0.000000,5.00e-05,0.3791
297,peft_single,0.411318,0.309512,0.203611,0.000000,0.000000,0.000000,0.000000,0.000000,5.00e-05,0.4748
298,peft_single,0.413461,0.311229,0.204466,0.000000,0.000000,0.000000,0.000000,0.000000,5.00e-05,0.3750
299,peft_single,0.414147,0.311309,0.205676,0.000000,0.000000,0.000000,0.000000,0.000000,5.00e-05,0.5181
300,peft_single,0.405676,0.302431,0.206490,0.000000,0.000000,0.000000,0.000000,0.000000,5.00e-05,0.5415
301,peft_single,0.421364,0.315807,0.211115,0.000000,0.000000,0.000000,0.000000,0.000000,5.00e-05,0.3470
302,peft_single,0.415083,0.312766,0.204633,0.000000,0.000000,0.000000,0.000000,0.000000,5.00e-05,0.4510
303,peft_single,0.412407,0.311249,0.202315,0.000000,0.000000,0.000000,0.000000,0.000000,5.00e-05,0.3673
304,peft_single,0.411714,0.310674,0.202080,0.000000,0.000000,0.000000,0.000000,0.000000,5.00e-05,0.3277
305,peft_single,0.401952,0.302737,0.198429,0.000000,0.000000,0.000000,0.000000,0.000000,5.00e-05,0.3727
306,peft_single,0.415465,0.312051,0.206826,0.000000,0.000000,0.000000,0.000000,0.000000,5.00e-05,0.4561
307,peft_single,0.411124,0.308778,0.204692,0.000000,0.000000,0.000000,0.000000,0.000000,5.00e-05,0.3877
308,peft_single,0.406555,0.305609,0.201893,0.000000,0.000000,0.000000,0.000000,0.000000,5.00e-05,0.3443
309,peft_single,0.403505,0.302918,0.201174,0.000000,0.000000,0.000000,0.000000,0.000000,5.00e-05,0.4014
310,peft_single,0.407485,0.305872,0.203227,0.000000,0.000000,0.000000,0.000000,0.000000,5.00e-05,0.3863
311,peft_single,0.409101,0.307768,0.202666,0.000000,0.000000,0.000000,0.000000,0.000000,5.00e-05,0.4479
312,peft_single,0.406260,0.305366,0.201788,0.000000,0.000000,0.000000,0.000000,0.000000,5.00e-05,0.3665
313,peft_single,0.404273,0.303812,0.200923,0.000000,0.000000,0.000000,0.000000,0.000000,5.00e-05,0.4472
314,peft_single,0.419277,0.315024,0.208506,0.000000,0.000000,0.000000,0.000000,0.000000,5.00e-05,0.4329
315,peft_single,0.407327,0.305743,0.203170,0.000000,0.000000,0.000000,0.000000,0.000000,5.00e-05,0.3843
316,peft_single,0.409578,0.309480,0.200196,0.000000,0.000000,0.000000,0.000000,0.000000,5.00e-05,0.4002
317,peft_single,0.410741,0.309026,0.203430,0.000000,0.000000,0.000000,0.000000,0.000000,5.00e-05,0.3817
318,peft_single,0.415406,0.312542,0.205727,0.000000,0.000000,0.000000,0.000000,0.000000,5.00e-05,0.4359
319,peft_single,0.418915,0.314440,0.208952,0.000000,0.000000,0.000000,0.000000,0.000000,5.00e-05,0.4113
320,peft_single,0.409984,0.309004,0.201959,0.000000,0.000000,0.000000,0.000000,0.000000,5.00e-05,0.4421
321,peft_single,0.404516,0.305569,0.197894,0.000000,0.000000,0.000000,0.000000,0.000000,5.00e-05,0.4481
322,peft_single,0.416861,0.314203,0.205318,0.000000,0.000000,0.000000,0.000000,0.000000,5.00e-05,0.4895
323,peft_single,0.418391,0.314375,0.208032,0.000000,0.000000,0.000000,0.000000,0.000000,5.00e-05,0.4372
324,peft_single,0.412991,0.310462,0.205059,0.000000,0.000000,0.000000,0.000000,0.000000,5.00e-05,0.4705
325,peft_single,0.426467,0.320397,0.212140,0.000000,0.000000,0.000000,0.000000,0.000000,5.00e-05,0.3848
326,peft_single,0.401230,0.301223,0.200014,0.000000,0.000000,0.000000,0.000000,0.000000,5.00e-05,0.4316
327,peft_single,0.409271,0.307808,0.202926,0.000000,0.000000,0.000000,0.000000,0.000000,5.00e-05,0.4316
328,peft_single,0.420843,0.316970,0.207747,0.000000,0.000000,0.000000,0.000000,0.000000,5.00e-05,0.4569
329,peft_single,0.415047,0.311072,0.207949,0.000000,0.000000,0.000000,0.000000,0.000000,5.00e-05,0.4644
330,peft_single,0.409172,0.308305,0.201735,0.000000,0.000000,0.000000,0.000000,0.000000,5.00e-05,0.4990
331,peft_single,0.416144,0.313198,0.205891,0.000000,0.000000,0.000000,0.000000,0.000000,5.00e-05,0.3992
332,peft_single,0.415544,0.311137,0.208814,0.000000,0.000000,0.000000,0.000000,0.000000,5.00e-05,0.4705
333,peft_single,0.409584,0.309944,0.199280,0.000000,0.000000,0.000000,0.000000,0.000000,5.00e-05,0.4318
334,peft_single,0.426058,0.320982,0.210152,0.000000,0.000000,0.000000,0.000000,0.000000,5.00e-05,0.3933
335,peft_single,0.416298,0.312371,0.207853,0.000000,0.000000,0.000000,0.000000,0.000000,5.00e-05,0.3821
336,peft_single,0.417139,0.313003,0.208273,0.000000,0.000000,0.000000,0.000000,0.000000,5.00e-05,0.4385
337,peft_single,0.413990,0.311364,0.205252,0.000000,0.000000,0.000000,0.000000,0.000000,5.00e-05,0.5334
338,peft_single,0.422524,0.318045,0.208957,0.000000,0.000000,0.000000,0.000000,0.000000,5.00e-05,0.5571
339,peft_single,0.409049,0.307653,0.202793,0.000000,0.000000,0.000000,0.000000,0.000000,5.00e-05,0.3973
340,peft_single,0.410067,0.308018,0.204098,0.000000,0.000000,0.000000,0.000000,0.000000,5.00e-05,0.3950
341,peft_single,0.414634,0.311754,0.205760,0.000000,0.000000,0.000000,0.000000,0.000000,5.00e-05,0.4639
342,peft_single,0.405661,0.304879,0.201563,0.000000,0.000000,0.000000,0.000000,0.000000,5.00e-05,0.4885
343,peft_single,0.422266,0.317854,0.208824,0.000000,0.000000,0.000000,0.000000,0.000000,5.00e-05,0.3571
344,peft_single,0.409409,0.308104,0.202611,0.000000,0.000000,0.000000,0.000000,0.000000,5.00e-05,0.3112
345,peft_single,0.422656,0.318865,0.207583,0.000000,0.000000,0.000000,0.000000,0.000000,5.00e-05,0.3316
346,peft_single,0.412733,0.310112,0.205242,0.000000,0.000000,0.000000,0.000000,0.000000,5.00e-05,0.4257
347,peft_single,0.422078,0.316861,0.210434,0.000000,0.000000,0.000000,0.000000,0.000000,5.00e-05,0.4236
348,peft_single,0.407526,0.306717,0.201618,0.000000,0.000000,0.000000,0.000000,0.000000,5.00e-05,0.5796
349,peft_single,0.418924,0.316052,0.205744,0.000000,0.000000,0.000000,0.000000,0.000000,5.00e-05,0.3927
350,peft_single,0.414799,0.311772,0.206054,0.000000,0.000000,0.000000,0.000000,0.000000,5.00e-05,0.4896
351,peft_single,0.429539,0.323416,0.212245,0.000000,0.000000,0.000000,0.000000,0.000000,5.00e-05,0.4705
352,peft_single,0.411680,0.309522,0.204316,0.000000,0.000000,0.000000,0.000000,0.000000,5.00e-05,0.3790
353,peft_single,0.414516,0.310444,0.208145,0.000000,0.000000,0.000000,0.000000,0.000000,5.00e-05,0.4272
354,peft_single,0.408834,0.308368,0.200933,0.000000,0.000000,0.000000,0.000000,0.000000,5.00e-05,0.4620
355,peft_single,0.417319,0.314447,0.205743,0.000000,0.000000,0.000000,0.000000,0.000000,5.00e-05,0.5123
356,peft_single,0.409167,0.307013,0.204307,0.000000,0.000000,0.000000,0.000000,0.000000,5.00e-05,0.4950
357,peft_single,0.413537,0.311305,0.204463,0.000000,0.000000,0.000000,0.000000,0.000000,5.00e-05,0.3964
358,peft_single,0.417545,0.313803,0.207485,0.000000,0.000000,0.000000,0.000000,0.000000,5.00e-05,0.4365
359,peft_single,0.413506,0.311381,0.204249,0.000000,0.000000,0.000000,0.000000,0.000000,5.00e-05,0.5799
360,peft_single,0.413683,0.311410,0.204544,0.000000,0.000000,0.000000,0.000000,0.000000,5.00e-05,0.6917
361,peft_single,0.406836,0.306256,0.201161,0.000000,0.000000,0.000000,0.000000,0.000000,5.00e-05,0.5108
362,peft_single,0.407502,0.305518,0.203967,0.000000,0.000000,0.000000,0.000000,0.000000,5.00e-05,0.3300
363,peft_single,0.415883,0.312985,0.205797,0.000000,0.000000,0.000000,0.000000,0.000000,5.00e-05,0.3071
364,peft_single,0.411685,0.310778,0.201814,0.000000,0.000000,0.000000,0.000000,0.000000,5.00e-05,0.3989
365,peft_single,0.414762,0.311812,0.205899,0.000000,0.000000,0.000000,0.000000,0.000000,5.00e-05,0.4534
366,peft_single,0.411492,0.310210,0.202563,0.000000,0.000000,0.000000,0.000000,0.000000,5.00e-05,0.3631
367,peft_single,0.407007,0.306307,0.201400,0.000000,0.000000,0.000000,0.000000,0.000000,5.00e-05,0.4070
368,peft_single,0.415449,0.313162,0.204574,0.000000,0.000000,0.000000,0.000000,0.000000,5.00e-05,0.4175
369,peft_single,0.416081,0.313688,0.204785,0.000000,0.000000,0.000000,0.000000,0.000000,5.00e-05,0.4589
370,peft_single,0.411105,0.308950,0.204310,0.000000,0.000000,0.000000,0.000000,0.000000,5.00e-05,0.4344
371,peft_single,0.412572,0.309394,0.206357,0.000000,0.000000,0.000000,0.000000,0.000000,5.00e-05,0.4158
372,peft_single,0.401614,0.301332,0.200564,0.000000,0.000000,0.000000,0.000000,0.000000,5.00e-05,0.3828
373,peft_single,0.403422,0.302039,0.202765,0.000000,0.000000,0.000000,0.000000,0.000000,5.00e-05,0.3567
374,peft_single,0.424641,0.319695,0.209893,0.000000,0.000000,0.000000,0.000000,0.000000,5.00e-05,0.3971
375,peft_single,0.405507,0.305566,0.199884,0.000000,0.000000,0.000000,0.000000,0.000000,5.00e-05,0.3666
376,peft_single,0.422000,0.317037,0.209928,0.000000,0.000000,0.000000,0.000000,0.000000,5.00e-05,0.3106
377,peft_single,0.406708,0.306049,0.201319,0.000000,0.000000,0.000000,0.000000,0.000000,5.00e-05,0.4687
378,peft_single,0.409435,0.309071,0.200729,0.000000,0.000000,0.000000,0.000000,0.000000,5.00e-05,0.4841
379,peft_single,0.407486,0.306440,0.202092,0.000000,0.000000,0.000000,0.000000,0.000000,5.00e-05,0.3978
380,peft_single,0.417407,0.314534,0.205745,0.000000,0.000000,0.000000,0.000000,0.000000,5.00e-05,0.3859
381,peft_single,0.415527,0.312869,0.205317,0.000000,0.000000,0.000000,0.000000,0.000000,5.00e-05,0.4349
382,peft_single,0.406208,0.305119,0.202178,0.000000,0.000000,0.000000,0.000000,0.000000,5.00e-05,0.4909
383,peft_single,0.408944,0.307702,0.202484,0.000000,0.000000,0.000000,0.000000,0.000000,5.00e-05,0.3503
384,peft_single,0.409720,0.307705,0.204029,0.000000,0.000000,0.000000,0.000000,0.000000,5.00e-05,0.4083
385,peft_single,0.416490,0.313755,0.205469,0.000000,0.000000,0.000000,0.000000,0.000000,5.00e-05,0.4338
386,peft_single,0.413525,0.312230,0.202589,0.000000,0.000000,0.000000,0.000000,0.000000,5.00e-05,0.4924
387,peft_single,0.407599,0.305272,0.204654,0.000000,0.000000,0.000000,0.000000,0.000000,5.00e-05,0.3427
388,peft_single,0.419110,0.314201,0.209817,0.000000,0.000000,0.000000,0.000000,0.000000,5.00e-05,0.4972
389,peft_single,0.419015,0.315579,0.206873,0.000000,0.000000,0.000000,0.000000,0.000000,5.00e-05,0.4694
390,peft_single,0.408682,0.306771,0.203822,0.000000,0.000000,0.000000,0.000000,0.000000,5.00e-05,0.4658
391,peft_single,0.408515,0.306602,0.203826,0.000000,0.000000,0.000000,0.000000,0.000000,5.00e-05,0.4253
392,peft_single,0.414891,0.311829,0.206124,0.000000,0.000000,0.000000,0.000000,0.000000,5.00e-05,0.6004
393,peft_single,0.427259,0.322116,0.210285,0.000000,0.000000,0.000000,0.000000,0.000000,5.00e-05,0.4350
394,peft_single,0.424884,0.318876,0.212017,0.000000,0.000000,0.000000,0.000000,0.000000,5.00e-05,0.3489
395,peft_single,0.407270,0.307839,0.198862,0.000000,0.000000,0.000000,0.000000,0.000000,5.00e-05,0.5596
396,peft_single,0.408308,0.306826,0.202963,0.000000,0.000000,0.000000,0.000000,0.000000,5.00e-05,0.4604
397,peft_single,0.419077,0.316797,0.204560,0.000000,0.000000,0.000000,0.000000,0.000000,5.00e-05,0.4281
398,peft_single,0.407024,0.307052,0.199945,0.000000,0.000000,0.000000,0.000000,0.000000,5.00e-05,0.4791
399,peft_single,0.403396,0.302710,0.201373,0.000000,0.000000,0.000000,0.000000,0.000000,5.00e-05,0.4984
400,peft_single,0.406412,0.304935,0.202954,0.000000,0.000000,0.000000,0.000000,0.000000,5.00e-05,0.4326
401,peft_single,0.407074,0.306444,0.201260,0.000000,0.000000,0.000000,0.000000,0.000000,5.00e-05,0.3650
402,peft_single,0.409701,0.308029,0.203344,0.000000,0.000000,0.000000,0.000000,0.000000,5.00e-05,0.4375
403,peft_single,0.413620,0.312472,0.202297,0.000000,0.000000,0.000000,0.000000,0.000000,5.00e-05,0.3463
404,peft_single,0.417227,0.313994,0.206465,0.000000,0.000000,0.000000,0.000000,0.000000,5.00e-05,0.4821
405,peft_single,0.405379,0.304002,0.202755,0.000000,0.000000,0.000000,0.000000,0.000000,5.00e-05,0.4843
406,peft_single,0.425758,0.320068,0.211380,0.000000,0.000000,0.000000,0.000000,0.000000,5.00e-05,0.5775
407,peft_single,0.414196,0.308956,0.210481,0.000000,0.000000,0.000000,0.000000,0.000000,5.00e-05,0.5341
408,peft_single,0.399996,0.299839,0.200313,0.000000,0.000000,0.000000,0.000000,0.000000,5.00e-05,0.4139
409,peft_single,0.403041,0.303219,0.199645,0.000000,0.000000,0.000000,0.000000,0.000000,5.00e-05,0.3491
410,peft_single,0.422053,0.317674,0.208757,0.000000,0.000000,0.000000,0.000000,0.000000,5.00e-05,0.4469
411,peft_single,0.405817,0.305986,0.199662,0.000000,0.000000,0.000000,0.000000,0.000000,5.00e-05,0.3841
412,peft_single,0.418307,0.315026,0.206562,0.000000,0.000000,0.000000,0.000000,0.000000,5.00e-05,0.3495
413,peft_single,0.414526,0.312454,0.204145,0.000000,0.000000,0.000000,0.000000,0.000000,5.00e-05,0.4108
414,peft_single,0.400735,0.301991,0.197488,0.000000,0.000000,0.000000,0.000000,0.000000,5.00e-05,0.5220
415,peft_single,0.412101,0.309753,0.204695,0.000000,0.000000,0.000000,0.000000,0.000000,5.00e-05,0.4566
416,peft_single,0.407229,0.308015,0.198428,0.000000,0.000000,0.000000,0.000000,0.000000,5.00e-05,0.3689
417,peft_single,0.405165,0.305233,0.199865,0.000000,0.000000,0.000000,0.000000,0.000000,5.00e-05,0.4961
418,peft_single,0.407005,0.306375,0.201260,0.000000,0.000000,0.000000,0.000000,0.000000,5.00e-05,0.5007
419,peft_single,0.415342,0.313562,0.203561,0.000000,0.000000,0.000000,0.000000,0.000000,5.00e-05,0.3266
420,peft_single,0.417731,0.314516,0.206431,0.000000,0.000000,0.000000,0.000000,0.000000,5.00e-05,0.3429
421,peft_single,0.423972,0.318032,0.211880,0.000000,0.000000,0.000000,0.000000,0.000000,5.00e-05,0.4162
422,peft_single,0.401840,0.301804,0.200072,0.000000,0.000000,0.000000,0.000000,0.000000,5.00e-05,0.5779
423,peft_single,0.405766,0.306386,0.198759,0.000000,0.000000,0.000000,0.000000,0.000000,5.00e-05,0.4820
424,peft_single,0.405414,0.304597,0.201636,0.000000,0.000000,0.000000,0.000000,0.000000,5.00e-05,0.3510
425,peft_single,0.411209,0.310341,0.201736,0.000000,0.000000,0.000000,0.000000,0.000000,5.00e-05,0.4322
426,peft_single,0.403769,0.303785,0.199967,0.000000,0.000000,0.000000,0.000000,0.000000,5.00e-05,0.4033
427,peft_single,0.423155,0.319288,0.207732,0.000000,0.000000,0.000000,0.000000,0.000000,5.00e-05,0.4074
428,peft_single,0.404163,0.304113,0.200100,0.000000,0.000000,0.000000,0.000000,0.000000,5.00e-05,0.3984
429,peft_single,0.408230,0.307165,0.202130,0.000000,0.000000,0.000000,0.000000,0.000000,5.00e-05,0.3972
430,peft_single,0.406037,0.304992,0.202091,0.000000,0.000000,0.000000,0.000000,0.000000,5.00e-05,0.4914
431,peft_single,0.412940,0.310806,0.204268,0.000000,0.000000,0.000000,0.000000,0.000000,5.00e-05,0.5408
432,peft_single,0.405156,0.302747,0.204818,0.000000,0.000000,0.000000,0.000000,0.000000,5.00e-05,0.4403
433,peft_single,0.407541,0.305853,0.203377,0.000000,0.000000,0.000000,0.000000,0.000000,5.00e-05,0.5089
434,peft_single,0.407951,0.307536,0.200829,0.000000,0.000000,0.000000,0.000000,0.000000,5.00e-05,0.3898
435,peft_single,0.421112,0.316581,0.209062,0.000000,0.000000,0.000000,0.000000,0.000000,5.00e-05,0.7738
436,peft_single,0.408559,0.308614,0.199890,0.000000,0.000000,0.000000,0.000000,0.000000,5.00e-05,0.4030
437,peft_single,0.411525,0.310437,0.202175,0.000000,0.000000,0.000000,0.000000,0.000000,5.00e-05,0.5411
