step,epoch,loss_jepa,loss_drift,loss_total,lr,grad_norm,throughput,val_loss
0,0,0.457316,0.000000,0.838861,1.75e-06,26.1560,0.04,
1,0,0.462968,0.000000,0.845406,3.51e-06,24.6765,0.04,
2,0,0.455823,0.000000,0.852073,5.26e-06,22.0624,0.04,
3,0,0.452078,0.000000,0.929741,7.02e-06,20.7718,0.04,
4,0,0.442022,0.000000,0.884019,8.77e-06,12.4947,0.03,
5,0,0.468238,0.000000,0.789433,1.05e-05,3.1565,0.03,
6,0,0.463955,0.000000,0.759606,1.23e-05,5.8093,0.03,
7,0,0.451927,0.000000,0.771371,1.40e-05,3.6935,0.03,
8,0,0.448464,0.000000,0.812777,1.58e-05,3.0746,0.03,
9,0,0.443831,0.000000,0.860826,1.75e-05,3.1655,0.03,
10,0,0.444186,0.000000,0.793539,1.93e-05,1.7129,0.03,
11,0,0.444769,0.000000,0.797575,2.11e-05,1.6488,0.03,
12,0,0.438541,0.000000,0.795533,2.28e-05,1.2531,0.03,
13,0,0.440062,0.000000,0.765271,2.46e-05,0.9661,0.03,
14,0,0.440966,0.000000,0.745784,2.63e-05,0.5869,0.03,
15,0,0.434424,0.000000,0.759453,2.81e-05,0.7617,0.03,
16,0,0.430751,0.000000,0.778100,2.98e-05,1.1652,0.03,
17,0,0.444442,0.000000,0.777278,3.16e-05,2.3600,0.03,
18,0,0.436433,0.000000,0.714061,3.33e-05,0.9735,0.03,
19,0,0.443581,0.000000,0.703599,3.51e-05,0.4806,0.03,
20,0,0.439636,0.000000,0.758170,3.68e-05,0.3637,0.03,
21,0,0.444087,0.000000,0.739203,3.86e-05,0.4863,0.03,
22,0,0.420034,0.000000,0.770999,4.04e-05,0.4198,0.03,
23,0,0.430762,0.000000,0.708941,4.21e-05,0.5466,0.03,
24,0,0.428887,0.000000,0.747295,4.39e-05,0.3119,0.03,
25,0,0.426131,0.000000,0.755600,4.56e-05,0.5252,0.03,
26,0,0.431160,0.000000,0.702989,4.74e-05,0.5606,0.03,
27,0,0.429270,0.000000,0.711556,4.91e-05,0.5768,0.03,
28,0,0.434390,0.000000,0.725674,5.09e-05,0.3086,0.03,
29,0,0.442787,0.000000,0.744788,5.26e-05,0.6235,0.03,
30,0,0.440119,0.000000,0.729247,5.44e-05,0.3659,0.03,
31,0,0.440498,0.000000,0.805172,5.61e-05,0.3687,0.03,
32,0,0.436830,0.000000,0.761512,5.79e-05,0.3794,0.03,
33,0,0.440402,0.000000,0.721684,5.96e-05,0.3377,0.03,
34,0,0.439581,0.000000,0.746555,6.14e-05,0.3519,0.03,
35,0,0.444957,0.000000,0.696643,6.32e-05,0.6603,0.03,
36,0,0.448676,0.000000,0.715325,6.49e-05,0.2281,0.03,
37,0,0.439223,0.000000,0.719991,6.67e-05,0.2890,0.03,
38,0,0.430058,0.000000,0.717524,6.84e-05,0.2609,0.03,
39,0,0.436159,0.000000,0.691752,7.02e-05,0.3329,0.03,
40,0,0.439654,0.000000,0.705065,7.19e-05,0.3566,0.03,
41,0,0.436517,0.000000,0.748843,7.37e-05,0.6936,0.03,
42,0,0.427218,0.000000,0.744910,7.54e-05,0.5847,0.03,
43,0,0.430709,0.000000,0.832080,7.72e-05,0.2757,0.03,
44,0,0.433837,0.000000,0.747546,7.89e-05,0.3165,0.03,
45,0,0.438548,0.000000,0.725210,8.07e-05,0.4611,0.03,
46,0,0.436885,0.000000,0.778677,8.25e-05,0.2951,0.03,
47,0,0.431521,0.000000,0.723429,8.42e-05,0.2871,0.03,
48,0,0.436522,0.000000,0.774721,8.60e-05,0.3112,0.03,
49,0,0.429538,0.000000,0.732548,8.77e-05,0.3408,0.03,
50,0,0.433298,0.000000,0.735752,8.95e-05,0.3464,0.03,
51,0,0.441919,0.000000,0.799831,9.12e-05,0.2455,0.03,
52,0,0.435861,0.000000,0.787939,9.30e-05,1.6865,0.03,
53,0,0.436820,0.000000,0.697785,9.47e-05,0.2306,0.03,
54,0,0.442480,0.000000,0.755039,9.65e-05,0.2007,0.03,
55,0,0.431144,0.000000,0.699122,9.82e-05,0.2822,0.03,
56,0,0.432046,0.000000,0.761930,1.00e-04,0.3232,0.03,
57,0,0.426603,0.000000,0.741443,1.00e-04,0.3788,0.03,
58,0,0.431921,0.000000,0.696791,1.00e-04,0.2146,0.03,
59,0,0.425496,0.000000,0.689904,1.00e-04,0.2427,0.03,
60,0,0.432894,0.000000,0.739492,1.00e-04,0.4488,0.03,
61,0,0.428280,0.000000,0.694875,1.00e-04,0.2792,0.03,
62,0,0.433581,0.000000,0.682447,1.00e-04,0.1878,0.03,
63,0,0.434648,0.000000,0.689902,9.99e-05,0.2570,0.03,
64,0,0.421610,0.000000,0.714060,9.99e-05,0.2558,0.03,
65,0,0.430581,0.000000,0.701904,9.99e-05,0.3315,0.03,
66,0,0.421713,0.000000,0.674062,9.99e-05,0.2127,0.03,
67,0,0.435260,0.000000,0.668444,9.98e-05,0.2167,0.03,
68,0,0.424430,0.000000,0.700585,9.98e-05,0.3780,0.03,
69,0,0.427809,0.000000,0.724573,9.98e-05,0.2208,0.03,
70,0,0.429968,0.000000,0.655496,9.97e-05,0.1893,0.03,
71,0,0.436129,0.000000,0.689889,9.97e-05,0.1885,0.03,
72,0,0.441315,0.000000,0.700868,9.97e-05,0.1815,0.03,
73,0,0.447776,0.000000,0.739963,9.96e-05,0.2221,0.03,
74,0,0.435982,0.000000,0.705165,9.96e-05,0.2485,0.03,
75,0,0.439719,0.000000,0.733821,9.95e-05,0.1623,0.03,
76,0,0.422376,0.000000,0.762844,9.95e-05,0.1960,0.03,
77,0,0.431591,0.000000,0.758058,9.94e-05,0.2482,0.03,
78,0,0.425751,0.000000,0.716672,9.93e-05,0.1919,0.03,
79,0,0.428701,0.000000,0.862432,9.93e-05,0.2235,0.03,
80,0,0.435411,0.000000,0.738173,9.92e-05,0.2958,0.03,
81,0,0.428430,0.000000,0.718214,9.91e-05,0.3262,0.03,
82,0,0.433062,0.000000,0.817718,9.91e-05,0.2093,0.03,
83,0,0.446473,0.000000,0.763349,9.90e-05,0.2343,0.03,
84,0,0.434355,0.000000,0.692876,9.89e-05,0.1693,0.03,
85,0,0.426953,0.000000,0.703046,9.89e-05,0.2060,0.03,
86,0,0.456350,0.000000,0.684616,9.88e-05,0.1665,0.03,
87,0,0.434586,0.000000,0.726683,9.87e-05,0.2578,0.03,
88,0,0.442416,0.000000,0.697655,9.86e-05,0.2053,0.03,
89,0,0.441336,0.000000,0.735775,9.85e-05,0.2150,0.04,
90,0,0.438175,0.000000,0.755510,9.84e-05,0.1731,0.03,
91,0,0.433345,0.000000,0.739390,9.83e-05,0.2057,0.04,
92,0,0.437815,0.000000,0.714871,9.82e-05,0.1969,0.04,
93,0,0.431549,0.000000,0.748985,9.81e-05,0.1587,0.03,
94,0,0.429467,0.000000,0.689147,9.80e-05,0.2247,0.03,
95,0,0.434671,0.000000,0.696160,9.79e-05,0.2336,0.03,
96,0,0.443698,0.000000,0.731281,9.78e-05,0.2151,0.03,
97,0,0.433343,0.000000,0.712399,9.77e-05,0.2278,0.03,
98,0,0.435676,0.000000,0.694211,9.76e-05,0.1864,0.03,
99,0,0.447800,0.000000,0.712652,9.75e-05,0.1472,0.03,
100,0,0.426113,0.000000,0.709983,9.74e-05,0.2399,0.03,
101,0,0.427000,0.000000,0.749054,9.73e-05,0.2237,0.02,
102,0,0.432675,0.000000,0.654532,9.71e-05,0.2063,0.03,
103,0,0.424070,0.000000,0.623975,9.70e-05,0.2754,0.03,
104,0,0.434630,0.000000,0.707630,9.69e-05,0.3060,0.03,
105,0,0.423808,0.000000,0.699534,9.68e-05,0.2693,0.03,
106,0,0.426768,0.000000,0.729181,9.66e-05,0.3109,0.03,
107,0,0.425607,0.000000,0.660867,9.65e-05,0.1730,0.03,
108,0,0.441613,0.000000,0.711705,9.64e-05,0.2831,0.03,
109,0,0.433909,0.000000,0.721773,9.62e-05,0.3003,0.03,
110,0,0.441397,0.000000,0.697807,9.61e-05,0.6459,0.03,
111,0,0.422561,0.000000,0.674656,9.59e-05,0.3323,0.03,
112,0,0.432916,0.000000,0.704917,9.58e-05,0.2071,0.03,
113,0,0.430643,0.000000,0.707731,9.56e-05,0.1738,0.03,
114,0,0.427586,0.000000,0.681703,9.55e-05,0.2355,0.03,
115,0,0.432632,0.000000,0.686596,9.53e-05,0.1549,0.03,
116,0,0.427598,0.000000,0.682047,9.52e-05,0.2246,0.03,
117,0,0.426555,0.000000,0.685309,9.50e-05,0.3831,0.03,
118,0,0.426217,0.000000,0.693574,9.48e-05,0.2868,0.03,
119,0,0.427852,0.000000,0.689664,9.47e-05,1.0403,0.03,
119,0,,,,,,,0.432634
120,0,0.405134,0.000000,0.767721,9.45e-05,0.3171,0.01,
120,0,0.426693,0.000000,0.687942,9.45e-05,1.3740,0.00,
121,0,0.440753,0.000000,0.711632,9.43e-05,0.4198,0.02,
122,0,0.430429,0.000000,0.703000,9.42e-05,0.3117,0.02,
123,0,0.436663,0.000000,0.746743,9.40e-05,0.2100,0.02,
124,0,0.428291,0.000000,0.661522,9.38e-05,0.1807,0.02,
125,0,0.429823,0.000000,0.674919,9.36e-05,0.2259,0.02,
126,0,0.426077,0.000000,0.679782,9.35e-05,0.2175,0.02,
127,0,0.423453,0.000000,0.661060,9.33e-05,0.1952,0.02,
128,0,0.424513,0.000000,0.716425,9.31e-05,0.1940,0.02,
129,0,0.420493,0.000000,0.697379,9.29e-05,0.2305,0.02,
130,0,0.418848,0.000000,0.690416,9.27e-05,0.2108,0.02,
131,0,0.422988,0.000000,0.630281,9.25e-05,0.2130,0.02,
132,0,0.414437,0.000000,0.637650,9.23e-05,0.1438,0.02,
133,0,0.439012,0.000000,0.669888,9.21e-05,0.2193,0.02,
134,0,0.437218,0.000000,0.658245,9.19e-05,0.1784,0.02,
135,0,0.427789,0.000000,0.668773,9.17e-05,0.4022,0.02,
136,0,0.441021,0.000000,0.657470,9.15e-05,0.1801,0.02,
137,0,0.435299,0.000000,0.671160,9.13e-05,0.1495,0.02,
138,0,0.425898,0.000000,0.681187,9.11e-05,0.2213,0.02,
139,0,0.428200,0.000000,0.653235,9.09e-05,0.1969,0.02,
140,0,0.435990,0.000000,0.653166,9.07e-05,0.3034,0.02,
121,0,0.428654,0.000000,0.655315,9.43e-05,0.1926,0.02,
122,0,0.426360,0.000000,0.668658,9.42e-05,0.1862,0.02,
123,0,0.438621,0.000000,0.719641,9.40e-05,0.2289,0.02,
124,0,0.439267,0.000000,0.755745,9.38e-05,0.3763,0.02,
125,0,0.428455,0.000000,0.701397,9.36e-05,0.3065,0.02,
126,0,0.444623,0.000000,0.679409,9.35e-05,0.1585,0.02,
127,0,0.438683,0.000000,0.731076,9.33e-05,0.3452,0.02,
128,0,0.433611,0.000000,0.710495,9.31e-05,0.2755,0.02,
129,0,0.426156,0.000000,0.693726,9.29e-05,0.2162,0.02,
130,0,0.426233,0.000000,0.666225,9.27e-05,0.2027,0.02,
131,0,0.429357,0.000000,0.693650,9.25e-05,0.1993,0.02,
132,0,0.433862,0.000000,0.698803,9.23e-05,0.1862,0.02,
133,0,0.435687,0.000000,0.673580,9.21e-05,0.1653,0.02,
134,0,0.430183,0.000000,0.692968,9.19e-05,0.2095,0.02,
135,0,0.430196,0.000000,0.704401,9.17e-05,0.2702,0.02,
136,0,0.429106,0.000000,0.668908,9.15e-05,0.1644,0.02,
137,0,0.425193,0.000000,0.634185,9.13e-05,0.1659,0.02,
138,0,0.421709,0.000000,0.663352,9.11e-05,0.1650,0.02,
139,0,0.424198,0.000000,0.663392,9.09e-05,0.1631,0.02,
140,0,0.430910,0.000000,0.683196,9.07e-05,0.1946,0.02,
141,0,0.437990,0.000000,0.646425,9.05e-05,0.1852,0.02,
142,0,0.419815,0.000000,0.789747,9.02e-05,0.3933,0.02,
143,0,0.427552,0.000000,0.647158,9.00e-05,0.3622,0.02,
144,0,0.431672,0.000000,0.650737,8.98e-05,0.1923,0.02,
145,0,0.431555,0.000000,0.653906,8.96e-05,0.2463,0.02,
146,0,0.439204,0.000000,0.668271,8.93e-05,0.1955,0.02,
147,0,0.436785,0.000000,0.681764,8.91e-05,0.1858,0.01,
148,0,0.443994,0.000000,0.681269,8.89e-05,0.3019,0.01,
149,0,0.423675,0.000000,0.627714,8.86e-05,0.2190,0.01,
150,0,0.432355,0.000000,0.682996,8.84e-05,0.2950,0.01,
141,0,0.433743,0.000000,0.713495,9.05e-05,0.2536,0.02,
142,0,0.425383,0.000000,0.680993,9.02e-05,0.2104,0.02,
143,0,0.438406,0.000000,0.742006,9.00e-05,0.1926,0.02,
144,0,0.431003,0.000000,0.686151,8.98e-05,0.1824,0.01,
145,0,0.424466,0.000000,0.696646,8.96e-05,0.2017,0.02,
146,0,0.439069,0.000000,0.643015,8.93e-05,0.2388,0.01,
147,0,0.435742,0.000000,0.672374,8.91e-05,0.1503,0.01,
148,0,0.426914,0.000000,0.652687,8.89e-05,0.1697,0.01,
149,0,0.422502,0.000000,0.640416,8.86e-05,0.1367,0.01,
150,0,0.430552,0.000000,0.639347,8.84e-05,0.1307,0.01,
151,0,0.435954,0.000000,0.710282,8.82e-05,0.2329,0.01,
152,0,0.424176,0.000000,0.681243,8.79e-05,0.1622,0.01,
153,0,0.431492,0.000000,0.627223,8.77e-05,0.2259,0.01,
154,0,0.432903,0.000000,0.700406,8.74e-05,0.1693,0.01,
155,0,0.432105,0.000000,0.691758,8.72e-05,0.1692,0.02,
156,0,0.441858,0.000000,0.669439,8.70e-05,0.2053,0.02,
157,0,0.413829,0.000000,0.689687,8.67e-05,0.1819,0.02,
158,0,0.429108,0.000000,0.765311,8.64e-05,0.1510,0.02,
159,0,0.416689,0.000000,0.669221,8.62e-05,0.2241,0.02,
160,0,0.420297,0.000000,0.656655,8.59e-05,0.2530,0.02,
151,0,0.433998,0.000000,0.634325,8.82e-05,0.1759,0.01,
152,0,0.432629,0.000000,0.656715,8.79e-05,0.1246,0.01,
153,0,0.436243,0.000000,0.654681,8.77e-05,0.1875,0.01,
154,0,0.438348,0.000000,0.637953,8.74e-05,0.2215,0.01,
155,0,0.430368,0.000000,0.657760,8.72e-05,0.1614,0.01,
156,0,0.432006,0.000000,0.657651,8.70e-05,0.1696,0.01,
157,0,0.423437,0.000000,0.687145,8.67e-05,0.1736,0.01,
158,0,0.420142,0.000000,0.641639,8.64e-05,0.2349,0.01,
159,0,0.425683,0.000000,0.660582,8.62e-05,0.1360,0.01,
160,0,0.425589,0.000000,0.625774,8.59e-05,0.1802,0.01,
161,0,0.420778,0.000000,0.642204,8.57e-05,0.2871,0.02,
162,0,0.415630,0.000000,0.619675,8.54e-05,0.1422,0.01,
163,0,0.425104,0.000000,0.678883,8.52e-05,0.1733,0.01,
164,0,0.426924,0.000000,0.626691,8.49e-05,0.2253,0.01,
165,0,0.432270,0.000000,0.656028,8.46e-05,0.2585,0.01,
166,0,0.428943,0.000000,0.662148,8.44e-05,0.1483,0.01,
167,0,0.419917,0.000000,0.640595,8.41e-05,0.2767,0.01,
168,0,0.427236,0.000000,0.657485,8.38e-05,0.2122,0.01,
169,0,0.421534,0.000000,0.680697,8.35e-05,0.2512,0.01,
170,0,0.415146,0.000000,0.614666,8.33e-05,0.2242,0.01,
161,0,0.424528,0.000000,0.655205,8.57e-05,0.2459,0.01,
162,0,0.430098,0.000000,0.671372,8.54e-05,0.1855,0.01,
163,0,0.437349,0.000000,0.667638,8.52e-05,0.1914,0.01,
164,0,0.423356,0.000000,0.628932,8.49e-05,0.2530,0.01,
165,0,0.425777,0.000000,0.655917,8.46e-05,0.2153,0.01,
166,0,0.425090,0.000000,0.693616,8.44e-05,0.2037,0.01,
167,0,0.425768,0.000000,0.639883,8.41e-05,0.2484,0.01,
168,0,0.428963,0.000000,0.635259,8.38e-05,0.1797,0.01,
169,0,0.425379,0.000000,0.651201,8.35e-05,0.1505,0.01,
170,0,0.444279,0.000000,0.679137,8.33e-05,0.1974,0.01,
171,0,0.415507,0.000000,0.599614,8.30e-05,0.2504,0.01,
172,0,0.417024,0.000000,0.639582,8.27e-05,0.1499,0.02,
173,0,0.418939,0.000000,0.603569,8.24e-05,0.2523,0.02,
174,0,0.422979,0.000000,0.679228,8.22e-05,0.2718,0.02,
175,0,0.424013,0.000000,0.651823,8.19e-05,0.2209,0.01,
176,0,0.405059,0.000000,0.606236,8.16e-05,0.1586,0.01,
177,0,0.422041,0.000000,0.623262,8.13e-05,0.2304,0.02,
178,0,0.421860,0.000000,0.637751,8.10e-05,0.2993,0.01,
179,0,0.419716,0.000000,0.651928,8.07e-05,0.2704,0.02,
180,0,0.425894,0.000000,0.654532,8.04e-05,0.2297,0.02,
181,0,0.425772,0.000000,0.651021,8.01e-05,0.1500,0.01,
182,0,0.422798,0.000000,0.678050,7.98e-05,0.1913,0.01,
183,0,0.414892,0.000000,0.655408,7.95e-05,0.2234,0.01,
184,0,0.422987,0.000000,0.647881,7.92e-05,0.2668,0.01,
185,0,0.434153,0.000000,0.643292,7.89e-05,0.1483,0.01,
186,0,0.428598,0.000000,0.654515,7.86e-05,0.1977,0.01,
187,0,0.430705,0.000000,0.756068,7.83e-05,0.2707,0.01,
188,0,0.424523,0.000000,0.679947,7.80e-05,0.2044,0.02,
189,0,0.430766,0.000000,0.618400,7.77e-05,0.2252,0.02,
190,0,0.427604,0.000000,0.679504,7.74e-05,0.3328,0.02,
171,0,0.442386,0.000000,0.687602,8.30e-05,0.2067,0.01,
172,0,0.433843,0.000000,0.685143,8.27e-05,0.2165,0.01,
173,0,0.428581,0.000000,0.666951,8.24e-05,0.2097,0.01,
174,0,0.437330,0.000000,0.664331,8.22e-05,0.1936,0.01,
175,0,0.430369,0.000000,0.638497,8.19e-05,0.1461,0.01,
176,0,0.434826,0.000000,0.642805,8.16e-05,0.1515,0.01,
177,0,0.437181,0.000000,0.641970,8.13e-05,0.1332,0.01,
178,0,0.432146,0.000000,0.637695,8.10e-05,0.1398,0.01,
179,0,0.427814,0.000000,0.668349,8.07e-05,0.2523,0.01,
180,0,0.424465,0.000000,0.702434,8.04e-05,0.2002,0.01,
191,0,0.438836,0.000000,0.680839,7.71e-05,0.2436,0.02,
192,0,0.433810,0.000000,0.607051,7.68e-05,0.1956,0.02,
193,0,0.440916,0.000000,0.662347,7.65e-05,0.2760,0.01,
194,0,0.426523,0.000000,0.640886,7.62e-05,0.2563,0.02,
195,0,0.422335,0.000000,0.598194,7.58e-05,0.1859,0.02,
196,0,0.408220,0.000000,0.700958,7.55e-05,0.2201,0.02,
197,0,0.423403,0.000000,0.642059,7.52e-05,0.3875,0.02,
198,0,0.416498,0.000000,0.635425,7.49e-05,0.2529,0.01,
199,0,0.426660,0.000000,0.657270,7.46e-05,0.6809,0.01,
200,0,0.432158,0.000000,0.644989,7.42e-05,0.1381,0.01,
181,0,0.427943,0.000000,0.640542,8.01e-05,0.2073,0.01,
182,0,0.418929,0.000000,0.636002,7.98e-05,0.1779,0.01,
183,0,0.415616,0.000000,0.672525,7.95e-05,0.1841,0.01,
184,0,0.422047,0.000000,0.689565,7.92e-05,0.1867,0.01,
185,0,0.426611,0.000000,0.735698,7.89e-05,0.1940,0.01,
186,0,0.427036,0.000000,0.672239,7.86e-05,0.3154,0.01,
187,0,0.433614,0.000000,0.664300,7.83e-05,0.2781,0.01,
188,0,0.424453,0.000000,0.643252,7.80e-05,0.6923,0.01,
189,0,0.428392,0.000000,0.645653,7.77e-05,0.3464,0.01,
190,0,0.414809,0.000000,0.619297,7.74e-05,0.3363,0.01,
201,0,0.425199,0.000000,0.645998,7.39e-05,0.5126,0.01,
202,0,0.425738,0.000000,0.625696,7.36e-05,0.1452,0.01,
203,0,0.431961,0.000000,0.663459,7.33e-05,0.3986,0.01,
204,0,0.435974,0.000000,0.672590,7.29e-05,0.1147,0.01,
205,0,0.431919,0.000000,0.679993,7.26e-05,0.2262,0.01,
206,0,0.435769,0.000000,0.681831,7.23e-05,0.3316,0.01,
207,0,0.410887,0.000000,0.674202,7.20e-05,0.3021,0.02,
208,0,0.419081,0.000000,0.578402,7.16e-05,0.2432,0.02,
209,0,0.419412,0.000000,0.593914,7.13e-05,0.2568,0.02,
210,0,0.416604,0.000000,0.621658,7.10e-05,0.4926,0.02,
191,0,0.419218,0.000000,0.646567,7.71e-05,0.2183,0.01,
192,0,0.444202,0.000000,0.680769,7.68e-05,0.1964,0.01,
193,0,0.423910,0.000000,0.629440,7.65e-05,0.2171,0.01,
194,0,0.411327,0.000000,0.622506,7.62e-05,0.2046,0.01,
195,0,0.420297,0.000000,0.613425,7.58e-05,0.2922,0.01,
196,0,0.423045,0.000000,0.620196,7.55e-05,0.1945,0.01,
197,0,0.415540,0.000000,0.624846,7.52e-05,0.4549,0.01,
198,0,0.430386,0.000000,0.617012,7.49e-05,0.2589,0.01,
199,0,0.416139,0.000000,0.636950,7.46e-05,0.3261,0.01,
200,0,0.404698,0.000000,0.901875,7.42e-05,0.3780,0.01,
211,0,0.429695,0.000000,0.658752,7.06e-05,0.2632,0.02,
212,0,0.427989,0.000000,0.647399,7.03e-05,0.2180,0.02,
213,0,0.416551,0.000000,0.630459,6.99e-05,0.2894,0.02,
214,0,0.423350,0.000000,0.573303,6.96e-05,0.1772,0.02,
215,0,0.424159,0.000000,0.617523,6.93e-05,0.1719,0.02,
216,0,0.421571,0.000000,0.615164,6.89e-05,0.1426,0.01,
217,0,0.420872,0.000000,0.622829,6.86e-05,0.2139,0.01,
218,0,0.430689,0.000000,0.715317,6.82e-05,0.6372,0.01,
219,0,0.430445,0.000000,0.659248,6.79e-05,0.2318,0.01,
220,0,0.423966,0.000000,0.636070,6.75e-05,0.3314,0.01,
201,0,0.426985,0.000000,0.629808,7.39e-05,0.2510,0.01,
202,0,0.420172,0.000000,0.612144,7.36e-05,0.3098,0.01,
203,0,0.433346,0.000000,0.628554,7.33e-05,0.2047,0.01,
204,0,0.429325,0.000000,0.674524,7.29e-05,0.3108,0.01,
205,0,0.433326,0.000000,0.670870,7.26e-05,0.1832,0.01,
206,0,0.448491,0.000000,0.664538,7.23e-05,0.1913,0.01,
207,0,0.422008,0.000000,0.631839,7.20e-05,0.2467,0.01,
208,0,0.446399,0.000000,0.639839,7.16e-05,0.2592,0.01,
209,0,0.417068,0.000000,0.577936,7.13e-05,0.1912,0.01,
210,0,0.437339,0.000000,0.749341,7.10e-05,0.2153,0.01,
221,0,0.424260,0.000000,0.652196,6.72e-05,0.1622,0.01,
222,0,0.432993,0.000000,0.695382,6.68e-05,0.2722,0.01,
223,0,0.419723,0.000000,0.608888,6.65e-05,0.2619,0.01,
224,0,0.427110,0.000000,0.678958,6.62e-05,0.2326,0.02,
225,0,0.422093,0.000000,0.633766,6.58e-05,0.3357,0.02,
226,0,0.402552,0.000000,0.622340,6.55e-05,0.2044,0.02,
227,0,0.422466,0.000000,0.636960,6.51e-05,0.1851,0.02,
228,0,0.424325,0.000000,0.613285,6.47e-05,0.1968,0.02,
229,0,0.426222,0.000000,0.644855,6.44e-05,0.1751,0.02,
230,0,0.416356,0.000000,0.637983,6.40e-05,0.1445,0.02,
211,0,0.418013,0.000000,0.709790,7.06e-05,0.3338,0.01,
212,0,0.430136,0.000000,0.729860,7.03e-05,0.4637,0.01,
213,0,0.435003,0.000000,0.766989,6.99e-05,0.2453,0.01,
214,0,0.436690,0.000000,0.637473,6.96e-05,0.1667,0.01,
215,0,0.439178,0.000000,0.629098,6.93e-05,0.1737,0.02,
216,0,0.426712,0.000000,0.629818,6.89e-05,0.2789,0.01,
217,0,0.424341,0.000000,0.706767,6.86e-05,0.2868,0.01,
218,0,0.416422,0.000000,0.661135,6.82e-05,0.1787,0.01,
219,0,0.399275,0.000000,0.749758,6.79e-05,0.5805,0.03,
220,0,0.450569,0.000000,0.672668,6.75e-05,0.2010,0.01,
221,0,0.430802,0.000000,0.669805,6.72e-05,0.1823,0.01,
222,0,0.420873,0.000000,0.649004,6.68e-05,0.2781,0.01,
223,0,0.429642,0.000000,0.761351,6.65e-05,0.2245,0.01,
224,0,0.422753,0.000000,0.756288,6.62e-05,0.2842,0.02,
225,0,0.416813,0.000000,0.642144,6.58e-05,0.2585,0.01,
226,0,0.435337,0.000000,0.640309,6.55e-05,0.1427,0.02,
227,0,0.432055,0.000000,0.649966,6.51e-05,0.2186,0.01,
228,0,0.432077,0.000000,0.654652,6.47e-05,0.1674,0.01,
229,0,0.427813,0.000000,0.690312,6.44e-05,0.3023,0.01,
230,0,0.431396,0.000000,0.669648,6.40e-05,0.1844,0.01,
231,0,0.416769,0.000000,0.633660,6.37e-05,0.2731,0.02,
232,0,0.422645,0.000000,0.669049,6.33e-05,0.2056,0.01,
233,0,0.424171,0.000000,0.651973,6.30e-05,0.2118,0.01,
234,0,0.419771,0.000000,0.673782,6.26e-05,0.3258,0.02,
235,0,0.421686,0.000000,0.629412,6.23e-05,0.1605,0.01,
236,0,0.412927,0.000000,0.634293,6.19e-05,0.1415,0.01,
237,0,0.419694,0.000000,0.651679,6.15e-05,0.1361,0.01,
238,0,0.418046,0.000000,0.664187,6.12e-05,0.1439,0.02,
239,0,0.425810,0.000000,0.632675,6.08e-05,0.1771,0.02,
239,0,,,,,,,0.427419
231,0,0.423951,0.000000,0.653150,6.37e-05,0.2694,0.01,
232,0,0.419314,0.000000,0.646536,6.33e-05,0.2980,0.01,
233,0,0.425129,0.000000,0.645883,6.30e-05,0.2140,0.01,
234,0,0.417713,0.000000,0.614900,6.26e-05,0.2242,0.01,
235,0,0.424547,0.000000,0.617769,6.23e-05,0.2556,0.01,
236,0,0.419874,0.000000,0.652214,6.19e-05,0.2787,0.01,
237,0,0.426665,0.000000,0.654129,6.15e-05,0.3173,0.01,
238,0,0.421668,0.000000,0.633475,6.12e-05,0.1602,0.01,
239,0,0.438575,0.000000,0.820164,6.08e-05,0.1874,0.01,
239,0,,,,,,,0.430276
240,0,0.421698,0.000000,0.624960,6.05e-05,0.1502,0.00,
241,1,0.423054,0.000000,0.630577,6.01e-05,0.1093,0.02,
242,1,0.425390,0.000000,0.652228,5.97e-05,0.1408,0.02,
243,1,0.416970,0.000000,0.639974,5.94e-05,0.1803,0.02,
244,1,0.419436,0.000000,0.627239,5.90e-05,0.1468,0.02,
245,1,0.430219,0.000000,0.612952,5.86e-05,0.2209,0.02,
246,1,0.423890,0.000000,0.639723,5.83e-05,0.3190,0.02,
247,1,0.426817,0.000000,0.624843,5.79e-05,0.2616,0.02,
248,1,0.430072,0.000000,0.653978,5.75e-05,0.2279,0.02,
249,1,0.430330,0.000000,0.624761,5.72e-05,0.1357,0.02,
250,1,0.425663,0.000000,0.695293,5.68e-05,0.3507,0.02,
240,0,0.434524,0.000000,0.673784,6.05e-05,0.2784,0.00,
251,1,0.424075,0.000000,0.620624,5.64e-05,0.2150,0.02,
252,1,0.426715,0.000000,0.642037,5.61e-05,0.2490,0.02,
253,1,0.429879,0.000000,0.686731,5.57e-05,0.2293,0.02,
254,1,0.419349,0.000000,0.631589,5.53e-05,0.2240,0.02,
255,1,0.438901,0.000000,0.647370,5.50e-05,0.1305,0.02,
256,1,0.424230,0.000000,0.615947,5.46e-05,0.1897,0.02,
257,1,0.426723,0.000000,0.672605,5.42e-05,0.3461,0.02,
258,1,0.426981,0.000000,0.677354,5.39e-05,0.2008,0.02,
259,1,0.416528,0.000000,0.634756,5.35e-05,0.2721,0.02,
260,1,0.429129,0.000000,0.683717,5.31e-05,0.1587,0.02,
261,1,0.424750,0.000000,0.630442,5.28e-05,0.1325,0.02,
262,1,0.426769,0.000000,0.620121,5.24e-05,0.1491,0.02,
263,1,0.433003,0.000000,0.682376,5.20e-05,0.2129,0.02,
264,1,0.422296,0.000000,0.630485,5.17e-05,0.1443,0.02,
265,1,0.428049,0.000000,0.630278,5.13e-05,0.1880,0.02,
266,1,0.422627,0.000000,0.588511,5.09e-05,0.1673,0.02,
267,1,0.423724,0.000000,0.638552,5.06e-05,0.2018,0.02,
268,1,0.423697,0.000000,0.626880,5.02e-05,0.1892,0.02,
269,1,0.427190,0.000000,0.611569,4.98e-05,0.1373,0.02,
270,1,0.422375,0.000000,0.637045,4.94e-05,0.1931,0.02,
241,1,0.421885,0.000000,0.602344,6.01e-05,0.2763,0.01,
242,1,0.427002,0.000000,0.642168,5.97e-05,0.1705,0.01,
243,1,0.420473,0.000000,0.652649,5.94e-05,0.3145,0.01,
244,1,0.432062,0.000000,0.647019,5.90e-05,0.1530,0.01,
245,1,0.425476,0.000000,0.594604,5.86e-05,0.1321,0.01,
246,1,0.420584,0.000000,0.601388,5.83e-05,0.2004,0.01,
247,1,0.425172,0.000000,0.641585,5.79e-05,0.2498,0.01,
248,1,0.420526,0.000000,0.664162,5.75e-05,0.1745,0.01,
249,1,0.408666,0.000000,0.637698,5.72e-05,0.2082,0.01,
250,1,0.410818,0.000000,0.659421,5.68e-05,0.1544,0.01,
271,1,0.428541,0.000000,0.635535,4.91e-05,0.1730,0.02,
272,1,0.427093,0.000000,0.601888,4.87e-05,0.1458,0.02,
273,1,0.423435,0.000000,0.642152,4.83e-05,0.1321,0.01,
274,1,0.415731,0.000000,0.639868,4.80e-05,0.1638,0.01,
275,1,0.427613,0.000000,0.623972,4.76e-05,0.1607,0.01,
276,1,0.417440,0.000000,0.590431,4.72e-05,0.3302,0.01,
277,1,0.423493,0.000000,0.615491,4.69e-05,0.1431,0.01,
278,1,0.424523,0.000000,0.619142,4.65e-05,0.1189,0.01,
279,1,0.413542,0.000000,0.580194,4.61e-05,0.1446,0.01,
280,1,0.416541,0.000000,0.588869,4.58e-05,0.1606,0.01,
251,1,0.409355,0.000000,0.712776,5.64e-05,0.4867,0.01,
252,1,0.416294,0.000000,0.635676,5.61e-05,0.3193,0.01,
253,1,0.412340,0.000000,0.646494,5.57e-05,0.1515,0.01,
254,1,0.409303,0.000000,0.616377,5.53e-05,0.1672,0.01,
255,1,0.417914,0.000000,0.658776,5.50e-05,0.2089,0.01,
256,1,0.427193,0.000000,0.687845,5.46e-05,0.1675,0.01,
257,1,0.429715,0.000000,0.641911,5.42e-05,0.1626,0.01,
258,1,0.424325,0.000000,0.658440,5.39e-05,0.1683,0.01,
259,1,0.431679,0.000000,0.621743,5.35e-05,0.1999,0.01,
260,1,0.414191,0.000000,0.602941,5.31e-05,0.1489,0.01,
281,1,0.418449,0.000000,0.614305,4.54e-05,0.2148,0.01,
282,1,0.418371,0.000000,0.616184,4.50e-05,0.1587,0.01,
283,1,0.414550,0.000000,0.632248,4.47e-05,0.1593,0.02,
284,1,0.417307,0.000000,0.642509,4.43e-05,0.2044,0.01,
285,1,0.413371,0.000000,0.617494,4.39e-05,0.1273,0.01,
286,1,0.420388,0.000000,0.639248,4.36e-05,0.3131,0.02,
287,1,0.423631,0.000000,0.619245,4.32e-05,0.2704,0.01,
288,1,0.428647,0.000000,0.659820,4.28e-05,0.1970,0.01,
289,1,0.423007,0.000000,0.645328,4.25e-05,0.1670,0.01,
290,1,0.429930,0.000000,0.608018,4.21e-05,0.2899,0.01,
261,1,0.425211,0.000000,0.605467,5.28e-05,0.1410,0.01,
262,1,0.420268,0.000000,0.658085,5.24e-05,0.1870,0.01,
263,1,0.423099,0.000000,0.630741,5.20e-05,0.1749,0.01,
264,1,0.417888,0.000000,0.604018,5.17e-05,0.2762,0.01,
265,1,0.412471,0.000000,0.614963,5.13e-05,0.2436,0.01,
266,1,0.416830,0.000000,0.601609,5.09e-05,0.2873,0.01,
267,1,0.413237,0.000000,0.576001,5.06e-05,0.2906,0.01,
268,1,0.425786,0.000000,0.641539,5.02e-05,0.2617,0.01,
269,1,0.421442,0.000000,0.621207,4.98e-05,0.2085,0.01,
270,1,0.416712,0.000000,0.610317,4.94e-05,0.1909,0.01,
291,1,0.432951,0.000000,0.645537,4.17e-05,0.1944,0.01,
292,1,0.429804,0.000000,0.597500,4.14e-05,0.2187,0.02,
293,1,0.429851,0.000000,0.650026,4.10e-05,0.1066,0.02,
294,1,0.434955,0.000000,0.637954,4.06e-05,0.1600,0.02,
295,1,0.426727,0.000000,0.602529,4.03e-05,0.2059,0.01,
296,1,0.424807,0.000000,0.658520,3.99e-05,0.1966,0.02,
297,1,0.433463,0.000000,0.655976,3.95e-05,0.1258,0.02,
298,1,0.432580,0.000000,0.676515,3.92e-05,0.1491,0.02,
299,1,0.425517,0.000000,0.657421,3.88e-05,0.2583,0.02,
300,1,0.420871,0.000000,0.610088,3.85e-05,0.1530,0.01,
271,1,0.422131,0.000000,0.623658,4.91e-05,0.1904,0.01,
272,1,0.415470,0.000000,0.650997,4.87e-05,0.2774,0.01,
273,1,0.423312,0.000000,0.656609,4.83e-05,0.1838,0.01,
274,1,0.420747,0.000000,0.633924,4.80e-05,0.1840,0.01,
275,1,0.420699,0.000000,0.617777,4.76e-05,0.1626,0.01,
276,1,0.422040,0.000000,0.614104,4.72e-05,0.2016,0.01,
277,1,0.421135,0.000000,0.659747,4.69e-05,0.2021,0.01,
278,1,0.420794,0.000000,0.665641,4.65e-05,0.1999,0.01,
279,1,0.427005,0.000000,0.642432,4.61e-05,0.2204,0.01,
280,1,0.423879,0.000000,0.604977,4.58e-05,0.1766,0.01,
301,1,0.427409,0.000000,0.627251,3.81e-05,0.1333,0.01,
302,1,0.425901,0.000000,0.610121,3.77e-05,0.1874,0.01,
303,1,0.426705,0.000000,0.615271,3.74e-05,0.1670,0.01,
304,1,0.418753,0.000000,0.672563,3.70e-05,0.3021,0.01,
305,1,0.435418,0.000000,0.725500,3.67e-05,0.2274,0.01,
306,1,0.409840,0.000000,0.724902,3.63e-05,0.2790,0.01,
307,1,0.429536,0.000000,0.670417,3.60e-05,0.1826,0.01,
308,1,0.426421,0.000000,0.639725,3.56e-05,0.1386,0.01,
309,1,0.422490,0.000000,0.561373,3.53e-05,0.1383,0.01,
310,1,0.424698,0.000000,0.607856,3.49e-05,0.1616,0.01,
281,1,0.430743,0.000000,0.613416,4.54e-05,0.1864,0.01,
282,1,0.426938,0.000000,0.638584,4.50e-05,0.1833,0.01,
283,1,0.429162,0.000000,0.636835,4.47e-05,0.1674,0.01,
284,1,0.421265,0.000000,0.729815,4.43e-05,0.1412,0.01,
285,1,0.418561,0.000000,0.651082,4.39e-05,0.1947,0.01,
286,1,0.423616,0.000000,0.648989,4.36e-05,0.2736,0.01,
287,1,0.429924,0.000000,0.689890,4.32e-05,0.1986,0.01,
288,1,0.428717,0.000000,0.615110,4.28e-05,0.1265,0.01,
289,1,0.421873,0.000000,0.647935,4.25e-05,0.1655,0.01,
290,1,0.419163,0.000000,0.610071,4.21e-05,0.1741,0.01,
311,1,0.417970,0.000000,0.652452,3.45e-05,0.1346,0.02,
312,1,0.425929,0.000000,0.653218,3.42e-05,0.1655,0.02,
313,1,0.439110,0.000000,0.640403,3.38e-05,0.1412,0.02,
314,1,0.421561,0.000000,0.615580,3.35e-05,0.2757,0.02,
315,1,0.408137,0.000000,0.571710,3.32e-05,0.1558,0.02,
316,1,0.419661,0.000000,0.617338,3.28e-05,0.1716,0.02,
317,1,0.411026,0.000000,0.607215,3.25e-05,0.2663,0.02,
318,1,0.423773,0.000000,0.616675,3.21e-05,0.1759,0.02,
319,1,0.421684,0.000000,0.601571,3.18e-05,0.1617,0.02,
320,1,0.421710,0.000000,0.598964,3.14e-05,0.2520,0.01,
291,1,0.431569,0.000000,0.623253,4.17e-05,0.1713,0.01,
292,1,0.412063,0.000000,0.618395,4.14e-05,0.2225,0.01,
293,1,0.425547,0.000000,0.605716,4.10e-05,0.3353,0.01,
294,1,0.419354,0.000000,0.624029,4.06e-05,0.1619,0.01,
295,1,0.415373,0.000000,0.602950,4.03e-05,0.1176,0.01,
296,1,0.416633,0.000000,0.604698,3.99e-05,0.2783,0.01,
297,1,0.419282,0.000000,0.636225,3.95e-05,0.3292,0.01,
298,1,0.414478,0.000000,0.617564,3.92e-05,0.1493,0.01,
299,1,0.429346,0.000000,0.625617,3.88e-05,0.2402,0.01,
300,1,0.425972,0.000000,0.617177,3.85e-05,0.1856,0.01,
321,1,0.433578,0.000000,0.617973,3.11e-05,0.1268,0.01,
322,1,0.422722,0.000000,0.634904,3.07e-05,0.1755,0.01,
323,1,0.411438,0.000000,0.568182,3.04e-05,0.2061,0.01,
324,1,0.427122,0.000000,0.637500,3.01e-05,0.2403,0.02,
325,1,0.427881,0.000000,0.635087,2.97e-05,0.1747,0.01,
326,1,0.450586,0.000000,0.657554,2.94e-05,0.1758,0.02,
327,1,0.419986,0.000000,0.620403,2.90e-05,0.2467,0.01,
328,1,0.440642,0.000000,0.613951,2.87e-05,0.1289,0.02,
329,1,0.414560,0.000000,0.554886,2.84e-05,0.1513,0.02,
330,1,0.433267,0.000000,0.711111,2.80e-05,0.2366,0.01,
301,1,0.421148,0.000000,0.617902,3.81e-05,0.1924,0.01,
302,1,0.420780,0.000000,0.597481,3.77e-05,0.2334,0.01,
303,1,0.412942,0.000000,0.613419,3.74e-05,0.2621,0.01,
304,1,0.424800,0.000000,0.637852,3.70e-05,0.2875,0.01,
305,1,0.416053,0.000000,0.624189,3.67e-05,0.2500,0.01,
306,1,0.426313,0.000000,0.619287,3.63e-05,0.2200,0.01,
307,1,0.415230,0.000000,0.666165,3.60e-05,0.3654,0.01,
308,1,0.426030,0.000000,0.624546,3.56e-05,0.3908,0.01,
309,1,0.424080,0.000000,0.644197,3.53e-05,0.3142,0.01,
310,1,0.421482,0.000000,0.662811,3.49e-05,0.2708,0.01,
331,1,0.415189,0.000000,0.610007,2.77e-05,0.1964,0.02,
332,1,0.424236,0.000000,0.601564,2.74e-05,0.2088,0.01,
333,1,0.430097,0.000000,0.699279,2.71e-05,0.1974,0.02,
334,1,0.438279,0.000000,0.635859,2.67e-05,0.1365,0.01,
335,1,0.435396,0.000000,0.598070,2.64e-05,0.1393,0.01,
336,1,0.427239,0.000000,0.583865,2.61e-05,0.2051,0.02,
337,1,0.418703,0.000000,0.636729,2.58e-05,0.1920,0.01,
338,1,0.413178,0.000000,0.631147,2.54e-05,0.1499,0.02,
339,1,0.400467,0.000000,0.801648,2.51e-05,0.8358,0.03,
340,1,0.436015,0.000000,0.598459,2.48e-05,0.1084,0.02,
311,1,0.422333,0.000000,0.616569,3.45e-05,0.2721,0.01,
312,1,0.423488,0.000000,0.584443,3.42e-05,0.1609,0.01,
313,1,0.413392,0.000000,0.607951,3.38e-05,0.2953,0.01,
314,1,0.434446,0.000000,0.673663,3.35e-05,0.2437,0.01,
315,1,0.426852,0.000000,0.618020,3.32e-05,0.2206,0.01,
316,1,0.417921,0.000000,0.627033,3.28e-05,0.3270,0.01,
317,1,0.404139,0.000000,0.623109,3.25e-05,0.3163,0.01,
318,1,0.410261,0.000000,0.619403,3.21e-05,0.1954,0.01,
319,1,0.418766,0.000000,0.629154,3.18e-05,0.2265,0.01,
320,1,0.410937,0.000000,0.604222,3.14e-05,0.1938,0.01,
341,1,0.430608,0.000000,0.611536,2.45e-05,0.2362,0.02,
342,1,0.430466,0.000000,0.596920,2.42e-05,0.2465,0.01,
343,1,0.425828,0.000000,0.591230,2.38e-05,0.2772,0.02,
344,1,0.408671,0.000000,0.579911,2.35e-05,0.2475,0.02,
345,1,0.398183,0.000000,0.660536,2.32e-05,0.3070,0.01,
346,1,0.415147,0.000000,0.616903,2.29e-05,0.1926,0.02,
347,1,0.418390,0.000000,0.616536,2.26e-05,0.1623,0.02,
348,1,0.415009,0.000000,0.608103,2.23e-05,0.2314,0.02,
349,1,0.408340,0.000000,0.595219,2.20e-05,0.1403,0.01,
350,1,0.422838,0.000000,0.635802,2.17e-05,0.3382,0.01,
321,1,0.412380,0.000000,0.628884,3.11e-05,0.3917,0.01,
322,1,0.431942,0.000000,0.646520,3.07e-05,0.2036,0.01,
323,1,0.426035,0.000000,0.632971,3.04e-05,0.1945,0.01,
324,1,0.417367,0.000000,0.621099,3.01e-05,0.3937,0.01,
325,1,0.426339,0.000000,0.603974,2.97e-05,0.1553,0.01,
326,1,0.440053,0.000000,0.661452,2.94e-05,0.2983,0.01,
327,1,0.418316,0.000000,0.674430,2.90e-05,0.2085,0.01,
328,1,0.413405,0.000000,0.603685,2.87e-05,0.1864,0.01,
329,1,0.420374,0.000000,0.605892,2.84e-05,0.2526,0.01,
330,1,0.425122,0.000000,0.625222,2.80e-05,0.2167,0.01,
351,1,0.404665,0.000000,0.603090,2.14e-05,0.3015,0.01,
352,1,0.413086,0.000000,0.628827,2.11e-05,0.3529,0.01,
353,1,0.415942,0.000000,0.599776,2.08e-05,0.3106,0.01,
354,1,0.426472,0.000000,0.586706,2.05e-05,0.1908,0.01,
355,1,0.422046,0.000000,0.615798,2.02e-05,0.2148,0.01,
356,1,0.410596,0.000000,0.639823,1.99e-05,0.2484,0.01,
357,1,0.419022,0.000000,0.634687,1.96e-05,0.3875,0.01,
358,1,0.421058,0.000000,0.598096,1.93e-05,0.3002,0.01,
359,1,0.420539,0.000000,0.600904,1.90e-05,0.2541,0.01,
359,1,,,,,,,0.423194
331,1,0.424194,0.000000,0.614543,2.77e-05,0.2363,0.01,
332,1,0.428827,0.000000,0.614989,2.74e-05,0.1600,0.01,
333,1,0.415458,0.000000,0.635299,2.71e-05,0.1969,0.01,
334,1,0.402405,0.000000,0.660470,2.67e-05,0.4025,0.01,
335,1,0.415552,0.000000,0.598283,2.64e-05,0.2378,0.01,
336,1,0.404450,0.000000,0.639568,2.61e-05,0.1955,0.01,
337,1,0.432945,0.000000,0.619495,2.58e-05,0.3137,0.01,
338,1,0.420573,0.000000,0.612908,2.54e-05,0.2666,0.01,
339,1,0.428889,0.000000,0.608134,2.51e-05,0.1764,0.01,
340,1,0.416695,0.000000,0.605646,2.48e-05,0.2344,0.01,
341,1,0.419077,0.000000,0.627040,2.45e-05,0.2767,0.01,
342,1,0.414900,0.000000,0.616178,2.42e-05,0.2311,0.01,
343,1,0.415098,0.000000,0.611541,2.38e-05,0.3968,0.01,
344,1,0.419703,0.000000,0.598187,2.35e-05,0.2517,0.01,
345,1,0.422650,0.000000,0.621957,2.32e-05,0.2128,0.01,
346,1,0.426594,0.000000,0.636141,2.29e-05,0.3426,0.01,
347,1,0.429570,0.000000,0.636842,2.26e-05,0.2888,0.01,
348,1,0.427319,0.000000,0.625041,2.23e-05,0.2378,0.01,
349,1,0.423054,0.000000,0.615980,2.20e-05,0.3067,0.01,
350,1,0.410539,0.000000,0.639848,2.17e-05,0.3313,0.01,
360,1,0.426277,0.000000,0.574549,1.87e-05,0.1749,0.00,
361,1,0.411517,0.000000,0.621393,1.84e-05,0.2349,0.02,
362,1,0.414216,0.000000,0.589984,1.81e-05,0.1893,0.01,
363,1,0.421029,0.000000,0.699216,1.78e-05,0.1602,0.02,
364,1,0.408054,0.000000,0.610806,1.76e-05,0.2167,0.01,
365,1,0.407762,0.000000,0.600668,1.73e-05,0.1768,0.01,
366,1,0.410863,0.000000,0.622781,1.70e-05,0.2228,0.02,
367,1,0.428243,0.000000,0.629801,1.67e-05,0.2676,0.02,
368,1,0.412134,0.000000,0.613203,1.65e-05,0.1120,0.02,
369,1,0.419305,0.000000,0.580708,1.62e-05,0.1379,0.01,
370,1,0.423144,0.000000,0.572874,1.59e-05,0.1651,0.01,
351,1,0.421784,0.000000,0.630430,2.14e-05,0.3475,0.02,
352,1,0.419817,0.000000,0.661103,2.11e-05,0.2400,0.02,
353,1,0.417892,0.000000,0.599013,2.08e-05,0.2083,0.02,
354,1,0.427518,0.000000,0.628236,2.05e-05,0.2196,0.02,
355,1,0.411836,0.000000,0.618225,2.02e-05,0.2672,0.02,
356,1,0.420955,0.000000,0.582123,1.99e-05,0.2530,0.02,
357,1,0.415725,0.000000,0.596517,1.96e-05,0.2526,0.01,
358,1,0.427496,0.000000,0.617687,1.93e-05,0.6726,0.01,
359,1,0.424481,0.000000,0.595865,1.90e-05,0.2000,0.01,
359,1,,,,,,,0.422672
371,1,0.426525,0.000000,0.588840,1.56e-05,0.1706,0.01,
372,1,0.429269,0.000000,0.629143,1.54e-05,0.1386,0.01,
373,1,0.426977,0.000000,0.585541,1.51e-05,0.1790,0.01,
374,1,0.420590,0.000000,0.624406,1.48e-05,0.1486,0.01,
375,1,0.410745,0.000000,0.575432,1.46e-05,0.1932,0.01,
376,1,0.426674,0.000000,0.634904,1.43e-05,0.1928,0.01,
377,1,0.410992,0.000000,0.589086,1.41e-05,0.2261,0.01,
378,1,0.424224,0.000000,0.591232,1.38e-05,0.2257,0.01,
379,1,0.426014,0.000000,0.617840,1.36e-05,0.1890,0.01,
380,1,0.419178,0.000000,0.626701,1.33e-05,0.3527,0.01,
360,1,0.421993,0.000000,0.631724,1.87e-05,0.2423,0.00,
381,1,0.421752,0.000000,0.602342,1.30e-05,0.1572,0.01,
382,1,0.423787,0.000000,0.680754,1.28e-05,0.2155,0.01,
383,1,0.423103,0.000000,0.598177,1.26e-05,0.1756,0.01,
384,1,0.422685,0.000000,0.622359,1.23e-05,0.1652,0.01,
385,1,0.415703,0.000000,0.587530,1.21e-05,0.1372,0.01,
386,1,0.424000,0.000000,0.594936,1.18e-05,0.3041,0.02,
387,1,0.414336,0.000000,0.591802,1.16e-05,0.1467,0.02,
388,1,0.419140,0.000000,0.598576,1.14e-05,0.1792,0.02,
389,1,0.429642,0.000000,0.603711,1.11e-05,0.1967,0.02,
390,1,0.424420,0.000000,0.587301,1.09e-05,0.1253,0.02,
361,1,0.424584,0.000000,0.609891,1.84e-05,0.2142,0.01,
362,1,0.422099,0.000000,0.626152,1.81e-05,0.2239,0.01,
363,1,0.428478,0.000000,0.612966,1.78e-05,0.2046,0.01,
364,1,0.411707,0.000000,0.571924,1.76e-05,0.1713,0.01,
365,1,0.417796,0.000000,0.560181,1.73e-05,0.1354,0.01,
366,1,0.420216,0.000000,0.593223,1.70e-05,0.2208,0.01,
367,1,0.418556,0.000000,0.612539,1.67e-05,0.2049,0.01,
368,1,0.416956,0.000000,0.608487,1.65e-05,0.1338,0.01,
369,1,0.419327,0.000000,0.602278,1.62e-05,0.1776,0.01,
370,1,0.413202,0.000000,0.593214,1.59e-05,0.1882,0.01,
391,1,0.417896,0.000000,0.562287,1.07e-05,0.1353,0.01,
392,1,0.413459,0.000000,0.561849,1.04e-05,0.1293,0.01,
393,1,0.406779,0.000000,0.577947,1.02e-05,0.2159,0.01,
394,1,0.408088,0.000000,0.561188,1.00e-05,0.1655,0.01,
395,1,0.412621,0.000000,0.534034,1.00e-05,0.1854,0.01,
396,1,0.408226,0.000000,0.550756,1.00e-05,0.1492,0.01,
397,1,0.416395,0.000000,0.581491,1.00e-05,0.2010,0.01,
398,1,0.422702,0.000000,0.587401,1.00e-05,0.1645,0.01,
399,1,0.419811,0.000000,0.610321,1.00e-05,0.2394,0.01,
400,1,0.418231,0.000000,0.630207,1.00e-05,0.1285,0.01,
371,1,0.410266,0.000000,0.611876,1.56e-05,0.3505,0.01,
372,1,0.419210,0.000000,0.588169,1.54e-05,0.1454,0.01,
373,1,0.419904,0.000000,0.582459,1.51e-05,0.1797,0.01,
374,1,0.419048,0.000000,0.588033,1.48e-05,0.1751,0.01,
375,1,0.427236,0.000000,0.604673,1.46e-05,0.1373,0.01,
376,1,0.420518,0.000000,0.603919,1.43e-05,0.1510,0.01,
377,1,0.419824,0.000000,0.593395,1.41e-05,0.1704,0.01,
378,1,0.420272,0.000000,0.608170,1.38e-05,0.1611,0.01,
379,1,0.416127,0.000000,0.614230,1.36e-05,0.1757,0.01,
380,1,0.425540,0.000000,0.582159,1.33e-05,0.2175,0.01,
401,1,0.402703,0.000000,0.548115,1.00e-05,0.1627,0.01,
402,1,0.410262,0.000000,0.565587,1.00e-05,0.1712,0.01,
403,1,0.417283,0.000000,0.565768,1.00e-05,0.1863,0.01,
404,1,0.410773,0.000000,0.589671,1.00e-05,0.1467,0.01,
405,1,0.422582,0.000000,0.578945,1.00e-05,0.5507,0.01,
406,1,0.431638,0.000000,0.573320,1.00e-05,0.3074,0.01,
407,1,0.428228,0.000000,0.602661,1.00e-05,0.1814,0.02,
408,1,0.427948,0.000000,0.597725,1.00e-05,0.1671,0.02,
409,1,0.416521,0.000000,0.598359,1.00e-05,0.1624,0.02,
410,1,0.419157,0.000000,0.699636,1.00e-05,0.1282,0.02,
381,1,0.412617,0.000000,0.587977,1.30e-05,0.1676,0.01,
382,1,0.409881,0.000000,0.638247,1.28e-05,0.2318,0.01,
383,1,0.411139,0.000000,0.590522,1.26e-05,0.3524,0.02,
384,1,0.407105,0.000000,0.609916,1.23e-05,0.2030,0.01,
385,1,0.416354,0.000000,0.607290,1.21e-05,0.2144,0.01,
386,1,0.433248,0.000000,0.650665,1.18e-05,0.1984,0.01,
387,1,0.419791,0.000000,0.583027,1.16e-05,0.2827,0.01,
388,1,0.424534,0.000000,0.635879,1.14e-05,0.2405,0.01,
389,1,0.419972,0.000000,0.624719,1.11e-05,0.2463,0.01,
390,1,0.423184,0.000000,0.591816,1.09e-05,0.1887,0.01,
411,1,0.421695,0.000000,0.644153,1.00e-05,0.1320,0.02,
412,1,0.414126,0.000000,0.628138,1.00e-05,0.2638,0.02,
413,1,0.418487,0.000000,0.616380,1.00e-05,0.2278,0.02,
414,1,0.418821,0.000000,0.650571,1.00e-05,0.1852,0.02,
415,1,0.427510,0.000000,0.580410,1.00e-05,0.1184,0.01,
416,1,0.427490,0.000000,0.592521,1.00e-05,0.1539,0.02,
417,1,0.417796,0.000000,0.576855,1.00e-05,0.1919,0.02,
418,1,0.419408,0.000000,0.578613,1.00e-05,0.1416,0.02,
419,1,0.410989,0.000000,0.587424,1.00e-05,0.1552,0.02,
420,1,0.422413,0.000000,0.565579,1.00e-05,0.1521,0.02,
391,1,0.432272,0.000000,0.657276,1.07e-05,0.1645,0.01,
392,1,0.435268,0.000000,0.612006,1.04e-05,0.1796,0.01,
393,1,0.423815,0.000000,0.603228,1.02e-05,0.2045,0.01,
394,1,0.425724,0.000000,0.612603,1.00e-05,0.1396,0.01,
395,1,0.429041,0.000000,0.591707,1.00e-05,0.1480,0.01,
396,1,0.407367,0.000000,0.587715,1.00e-05,0.2416,0.01,
397,1,0.425692,0.000000,0.639034,1.00e-05,0.1243,0.01,
398,1,0.416582,0.000000,0.682066,1.00e-05,0.1373,0.01,
399,1,0.411756,0.000000,0.596375,1.00e-05,0.1406,0.01,
400,1,0.422385,0.000000,0.616892,1.00e-05,0.1564,0.01,
421,1,0.433313,0.000000,0.600663,1.00e-05,0.1429,0.01,
422,1,0.416245,0.000000,0.592016,1.00e-05,0.1638,0.01,
423,1,0.420563,0.000000,0.597161,1.00e-05,0.3679,0.01,
424,1,0.423852,0.000000,0.581593,1.00e-05,0.1222,0.01,
425,1,0.410381,0.000000,0.584307,1.00e-05,0.1767,0.02,
426,1,0.416190,0.000000,0.608910,1.00e-05,0.3441,0.01,
427,1,0.424654,0.000000,0.601453,1.00e-05,0.3514,0.02,
428,1,0.425650,0.000000,0.605210,1.00e-05,0.2275,0.02,
429,1,0.436021,0.000000,0.610612,1.00e-05,0.1180,0.02,
430,1,0.428986,0.000000,0.580344,1.00e-05,0.2082,0.02,
401,1,0.426073,0.000000,0.593588,1.00e-05,0.1405,0.02,
402,1,0.426942,0.000000,0.637464,1.00e-05,0.1672,0.02,
403,1,0.428356,0.000000,0.630746,1.00e-05,0.1560,0.02,
404,1,0.413622,0.000000,0.636574,1.00e-05,0.1751,0.02,
405,1,0.427228,0.000000,0.600561,1.00e-05,0.1686,0.02,
406,1,0.426803,0.000000,0.588183,1.00e-05,0.1495,0.02,
407,1,0.422606,0.000000,0.606797,1.00e-05,0.1514,0.02,
408,1,0.422910,0.000000,0.601435,1.00e-05,0.3667,0.02,
409,1,0.422076,0.000000,0.605194,1.00e-05,0.1751,0.02,
410,1,0.418343,0.000000,0.621703,1.00e-05,0.2074,0.01,
431,1,0.414735,0.000000,0.623823,1.00e-05,0.1902,0.02,
432,1,0.406780,0.000000,0.609854,1.00e-05,0.3068,0.01,
433,1,0.412921,0.000000,0.588973,1.00e-05,0.1430,0.02,
434,1,0.430776,0.000000,0.652375,1.00e-05,0.1761,0.02,
435,1,0.423608,0.000000,0.617444,1.00e-05,0.1814,0.01,
436,1,0.431937,0.000000,0.594118,1.00e-05,0.2468,0.02,
437,1,0.431561,0.000000,0.701294,1.00e-05,0.1755,0.01,
438,1,0.424467,0.000000,0.616755,1.00e-05,0.2851,0.01,
439,1,0.422983,0.000000,0.584222,1.00e-05,0.1570,0.02,
440,1,0.419464,0.000000,0.609482,1.00e-05,0.2431,0.01,
411,1,0.441904,0.000000,0.603533,1.00e-05,0.1710,0.01,
412,1,0.432212,0.000000,0.592563,1.00e-05,0.1729,0.02,
413,1,0.425582,0.000000,0.582951,1.00e-05,0.1465,0.02,
414,1,0.418634,0.000000,0.575128,1.00e-05,0.2011,0.01,
415,1,0.411826,0.000000,0.565911,1.00e-05,0.1940,0.02,
416,1,0.417699,0.000000,0.608039,1.00e-05,0.2677,0.02,
417,1,0.415034,0.000000,0.595499,1.00e-05,0.2854,0.01,
418,1,0.430440,0.000000,0.592693,1.00e-05,0.2331,0.01,
419,1,0.431549,0.000000,0.588320,1.00e-05,0.1642,0.02,
420,1,0.424578,0.000000,0.584324,1.00e-05,0.1682,0.01,
441,1,0.423248,0.000000,0.596047,1.00e-05,0.3136,0.01,
442,1,0.417226,0.000000,0.590663,1.00e-05,0.2673,0.01,
443,1,0.414468,0.000000,0.617418,1.00e-05,0.1485,0.01,
444,1,0.411005,0.000000,0.597563,1.00e-05,0.1749,0.01,
445,1,0.413500,0.000000,0.587137,1.00e-05,0.3619,0.01,
446,1,0.432639,0.000000,0.574242,1.00e-05,0.2172,0.01,
447,1,0.418477,0.000000,0.568035,1.00e-05,0.1115,0.01,
448,1,0.409314,0.000000,0.571354,1.00e-05,0.6917,0.01,
449,1,0.413606,0.000000,0.608899,1.00e-05,0.1557,0.01,
450,1,0.421558,0.000000,0.586947,1.00e-05,0.1816,0.01,
421,1,0.414681,0.000000,0.601168,1.00e-05,0.2912,0.01,
422,1,0.427512,0.000000,0.577541,1.00e-05,0.1840,0.01,
423,1,0.421215,0.000000,0.591782,1.00e-05,0.1612,0.01,
424,1,0.423451,0.000000,0.599862,1.00e-05,0.1469,0.01,
425,1,0.434673,0.000000,0.637660,1.00e-05,0.1751,0.01,
426,1,0.443997,0.000000,0.630263,1.00e-05,0.2547,0.01,
427,1,0.415712,0.000000,0.573467,1.00e-05,0.2402,0.01,
428,1,0.433542,0.000000,0.591935,1.00e-05,0.2075,0.01,
429,1,0.401547,0.000000,0.532221,1.00e-05,0.2266,0.01,
430,1,0.421332,0.000000,0.670768,1.00e-05,0.1660,0.01,
451,1,0.434999,0.000000,0.610584,1.00e-05,0.1587,0.01,
452,1,0.418107,0.000000,0.587160,1.00e-05,0.2183,0.01,
453,1,0.421261,0.000000,0.591336,1.00e-05,0.2078,0.01,
454,1,0.417042,0.000000,0.587996,1.00e-05,0.3550,0.01,
455,1,0.425410,0.000000,0.595409,1.00e-05,0.2106,0.01,
456,1,0.418909,0.000000,0.556775,1.00e-05,0.2496,0.01,
457,1,0.422586,0.000000,0.600580,1.00e-05,0.1347,0.01,
458,1,0.421481,0.000000,0.561925,1.00e-05,0.2045,0.01,
459,1,0.428846,0.000000,0.613471,1.00e-05,0.2103,0.01,
460,1,0.423805,0.000000,0.589473,1.00e-05,0.1845,0.01,
431,1,0.412574,0.000000,0.570282,1.00e-05,0.2230,0.01,
432,1,0.428149,0.000000,0.589996,1.00e-05,0.1186,0.01,
433,1,0.425530,0.000000,0.679803,1.00e-05,0.2219,0.01,
434,1,0.427744,0.000000,0.593703,1.00e-05,0.2539,0.01,
435,1,0.421452,0.000000,0.586770,1.00e-05,0.2447,0.01,
436,1,0.430292,0.000000,0.593940,1.00e-05,0.1616,0.01,
437,1,0.423060,0.000000,0.615787,1.00e-05,0.2820,0.01,
438,1,0.421129,0.000000,0.626648,1.00e-05,0.1814,0.01,
439,1,0.396160,0.000000,0.620631,1.00e-05,0.4584,0.04,
440,1,0.437298,0.000000,0.593136,1.00e-05,0.3127,0.02,
461,1,0.432378,0.000000,0.595510,1.00e-05,0.1821,0.01,
462,1,0.419489,0.000000,0.579003,1.00e-05,0.4054,0.01,
463,1,0.409865,0.000000,0.593371,1.00e-05,0.3151,0.01,
464,1,0.425729,0.000000,0.611671,1.00e-05,0.1673,0.01,
465,1,0.425709,0.000000,0.599583,1.00e-05,0.1677,0.01,
466,1,0.415502,0.000000,0.586737,1.00e-05,0.1775,0.01,
467,1,0.412458,0.000000,0.601672,1.00e-05,0.5313,0.02,
468,1,0.412541,0.000000,0.574430,1.00e-05,0.1368,0.02,
469,1,0.409850,0.000000,0.579088,1.00e-05,0.1680,0.02,
470,1,0.404259,0.000000,0.577389,1.00e-05,0.1981,0.02,
441,1,0.437517,0.000000,0.608961,1.00e-05,0.1476,0.01,
442,1,0.421547,0.000000,0.607527,1.00e-05,0.1700,0.02,
443,1,0.409496,0.000000,0.573511,1.00e-05,0.2323,0.02,
444,1,0.421685,0.000000,0.604372,1.00e-05,0.1621,0.02,
445,1,0.424502,0.000000,0.564019,1.00e-05,0.2401,0.02,
446,1,0.399632,0.000000,0.557078,1.00e-05,0.2033,0.02,
447,1,0.415530,0.000000,0.578414,1.00e-05,0.1648,0.01,
448,1,0.415336,0.000000,0.588001,1.00e-05,0.1630,0.02,
449,1,0.414103,0.000000,0.586414,1.00e-05,0.1955,0.02,
450,1,0.404285,0.000000,0.589236,1.00e-05,0.2042,0.01,
471,1,0.410322,0.000000,0.589692,1.00e-05,0.3692,0.02,
472,1,0.424169,0.000000,0.632055,1.00e-05,0.1672,0.02,
473,1,0.409099,0.000000,0.583849,1.00e-05,0.2306,0.01,
474,1,0.428960,0.000000,0.603569,1.00e-05,0.2309,0.02,
475,1,0.413776,0.000000,0.571585,1.00e-05,0.6745,0.02,
476,1,0.422505,0.000000,0.593967,1.00e-05,0.1861,0.02,
477,1,0.411936,0.000000,0.591537,1.00e-05,0.2758,0.01,
478,1,0.432387,0.000000,0.710276,1.00e-05,0.1835,0.02,
479,1,0.416097,0.000000,0.617871,1.00e-05,0.6717,0.02,
479,1,,,,,,,0.425191
451,1,0.409719,0.000000,0.612775,1.00e-05,0.3264,0.02,
452,1,0.417512,0.000000,0.605030,1.00e-05,0.1740,0.01,
453,1,0.404611,0.000000,0.631250,1.00e-05,0.2010,0.01,
454,1,0.401198,0.000000,0.585092,1.00e-05,0.1557,0.01,
455,1,0.423319,0.000000,0.599139,1.00e-05,0.1828,0.01,
456,1,0.412748,0.000000,0.608847,1.00e-05,0.2024,0.01,
457,1,0.414877,0.000000,0.577458,1.00e-05,0.1883,0.01,
458,1,0.422454,0.000000,0.606340,1.00e-05,0.1454,0.01,
459,1,0.422434,0.000000,0.591644,1.00e-05,0.2705,0.01,
460,1,0.421757,0.000000,0.573853,1.00e-05,0.2998,0.01,
461,1,0.419914,0.000000,0.594623,1.00e-05,0.5491,0.01,
462,1,0.416995,0.000000,0.585690,1.00e-05,0.1805,0.01,
463,1,0.415915,0.000000,0.593959,1.00e-05,0.1478,0.01,
464,1,0.416646,0.000000,0.568089,1.00e-05,0.2261,0.01,
465,1,0.417226,0.000000,0.625919,1.00e-05,0.2179,0.01,
466,1,0.424415,0.000000,0.601534,1.00e-05,0.2250,0.01,
467,1,0.419330,0.000000,0.573889,1.00e-05,0.2048,0.01,
468,1,0.417864,0.000000,0.604404,1.00e-05,0.2874,0.01,
469,1,0.422610,0.000000,0.546990,1.00e-05,0.1903,0.01,
470,1,0.428716,0.000000,0.548779,1.00e-05,0.2617,0.02,
480,1,0.428967,0.000000,0.626069,1.00e-05,0.7742,0.00,
481,1,0.428915,0.000000,0.580968,1.00e-05,0.3082,0.01,
471,1,0.415763,0.000000,0.595541,1.00e-05,0.2987,0.02,
472,1,0.421975,0.000000,0.614844,1.00e-05,0.1885,0.02,
473,1,0.418393,0.000000,0.570856,1.00e-05,0.2385,0.02,
474,1,0.422165,0.000000,0.699934,1.00e-05,0.2216,0.02,
475,1,0.416806,0.000000,0.603342,1.00e-05,0.2042,0.02,
476,1,0.421564,0.000000,0.628583,1.00e-05,0.1732,0.02,
477,1,0.413070,0.000000,0.588254,1.00e-05,0.2013,0.01,
478,1,0.411521,0.000000,0.589899,1.00e-05,0.2382,0.01,
479,1,0.410760,0.000000,0.614583,1.00e-05,0.2569,0.01,
479,1,,,,,,,0.422694
480,1,0.416927,0.000000,0.636182,1.00e-05,0.2261,0.00,
481,1,0.424447,0.000000,0.606705,1.00e-05,0.2241,0.01,
